State,City,Year,Month,BudgetAllocated,BudgetUtilized,UtilizationPct
Assam,Guwahati,2025,1,11868123.62,10630848.24,0.8957480205282864
Assam,Guwahati,2025,2,9754043.57,8472128.24,0.8685760094467161
Assam,Guwahati,2025,3,14957396.52,12231005.48,0.8177228880470971
Assam,Guwahati,2025,4,14183457.09,12313882.94,0.8681862864507034
Assam,Guwahati,2025,5,9329138.77,7860201.06,0.8425430528781812
Assam,Guwahati,2025,6,12599047.16,11800085.31,0.936585533822226
Assam,Guwahati,2025,7,13780854.78,10951770.68,0.794709098589021
Assam,Guwahati,2025,8,17245899.53,13821830.29,0.8014560368948176
Assam,Guwahati,2025,9,21617400.26,16878035.67,0.7807615840481273
Assam,Guwahati,2025,10,7822194.21,6637023.78,0.8484861922138341
Assam,Guwahati,2025,11,16869899.18,15074341.29,0.8935643971050691
Assam,Guwahati,2025,12,12040283.28,9801668.82,0.8140729409815016
Assam,Guwahati,2026,1,18586147.63,16425472.03,0.8837480664087461
Assam,Guwahati,2026,2,11395524.69,8531668.83,0.7486859150493403
Assam,Guwahati,2026,3,9087932.69,7337696.28,0.807410940452289
Assam,Guwahati,2026,4,16271033.58,13932878.71,0.8562995486117115
Assam,Guwahati,2026,5,9850988.88,8604438.98,0.8734594145638707
Assam,Guwahati,2026,6,13606304.2,12721273.11,0.9349543360937057
Assam,Guwahati,2026,7,14318944.37,11817107.92,0.8252778706758814
Assam,Guwahati,2026,8,19327197.34,16098407.42,0.8329406036892052
Assam,Guwahati,2026,9,21681106.66,19362836.51,0.8930741780687316
Assam,Guwahati,2026,10,10510935.82,9036366.01,0.8597108920411998
Assam,Guwahati,2026,11,13168298.82,11380345.82,0.8642229323286271
Assam,Guwahati,2026,12,8670194.25,7562130.03,0.872198455069216
Assam,Guwahati,2027,1,8137540.07,7310322.11,0.898345451710937
Assam,Guwahati,2027,2,11323659.38,8683485.18,0.7668444350539975
Assam,Guwahati,2027,3,8394369.45,6895529.3,0.8214469640718518
Assam,Guwahati,2027,4,14984565.48,13353214.14,0.8911312215107354
Assam,Guwahati,2027,5,20624538.0,16740090.34,0.8116589249174939
Assam,Guwahati,2027,6,13168648.23,12539249.36,0.9522047472901476
Assam,Guwahati,2027,7,22337002.66,19238067.02,0.8612644817583596
Assam,Guwahati,2027,8,12560332.06,10903570.36,0.8680957086097928
Assam,Guwahati,2027,9,8682573.63,7989428.2,0.9201682059331986
Assam,Guwahati,2027,10,15464849.28,13368308.51,0.8644318653198022
Assam,Guwahati,2027,11,22242773.01,18785884.72,0.8445837536333334
Assam,Guwahati,2027,12,17124516.41,16245647.92,0.9486777629827388
Bihar,Patna,2025,1,12055145.21,9676239.85,0.8026647279182794
Bihar,Patna,2025,2,5516824.31,4409193.11,0.7992266677783691
Bihar,Patna,2025,3,13067397.67,11425088.99,0.8743201422751222
Bihar,Patna,2025,4,7102410.37,5250563.37,0.7392649954694184
Bihar,Patna,2025,5,6400299.91,5255925.91,0.8211999412383786
Bihar,Patna,2025,6,10696191.9,8541116.12,0.7985193421969177
Bihar,Patna,2025,7,7123297.24,5990486.82,0.8409710585094158
Bihar,Patna,2025,8,5188042.43,3555941.87,0.6854111002326556
Bihar,Patna,2025,9,9642821.95,8259072.99,0.8564995841284823
Bihar,Patna,2025,10,8471342.94,6917674.75,0.8165971793369518
Bihar,Patna,2025,11,11856203.34,10006674.6,0.8440032878181052
Bihar,Patna,2025,12,5962747.47,4834539.16,0.8107905264014141
Bihar,Patna,2026,1,11775242.16,9073186.35,0.7705307650335405
Bihar,Patna,2026,2,9653596.03,7504441.74,0.7773726719741348
Bihar,Patna,2026,3,10163109.44,8456577.42,0.8320856397272054
Bihar,Patna,2026,4,9849940.61,8086617.18,0.8209813135106812
Bihar,Patna,2026,5,10119242.28,9172825.74,0.9064735763990425
Bihar,Patna,2026,6,10204925.0,9351380.55,0.916359556782632
Bihar,Patna,2026,7,12853275.37,11883299.57,0.9245347374830265
Bihar,Patna,2026,8,4940645.15,3603748.32,0.7294084498256265
Bihar,Patna,2026,9,7321131.12,5159294.6,0.7047127712145114
Bihar,Patna,2026,10,7712519.86,6599915.84,0.8557405309553393
Bihar,Patna,2026,11,5947310.92,4814532.49,0.8095309888389021
Bihar,Patna,2026,12,4984168.81,4252427.85,0.8531869629833023
Bihar,Patna,2027,1,15086321.59,11715641.75,0.776573777783296
Bihar,Patna,2027,2,8773199.96,7461217.86,0.8504556939335963
Bihar,Patna,2027,3,14247512.37,10394143.85,0.7295409598581033
Bihar,Patna,2027,4,5394483.74,4742694.88,0.8791749328731872
Bihar,Patna,2027,5,14262021.63,12269082.16,0.8602624844006774
Bihar,Patna,2027,6,14928402.25,13313562.47,0.8918276883917702
Bihar,Patna,2027,7,11677589.41,9735227.14,0.8336675317307632
Bihar,Patna,2027,8,7663662.47,6284559.77,0.8200465240479203
Bihar,Patna,2027,9,7187935.75,6159526.28,0.856925617344312
Bihar,Patna,2027,10,8342444.41,6252506.01,0.7494812914192376
Bihar,Patna,2027,11,14664467.42,12148507.38,0.8284315435439115
Bihar,Patna,2027,12,14887704.0,11668341.46,0.7837569486873195
Delhi,New Delhi,2025,1,7169039.21,5228291.33,0.7292875902683199
Delhi,New Delhi,2025,2,10236095.58,8190191.27,0.8001284479995057
Delhi,New Delhi,2025,3,7763117.23,6473308.33,0.8338542544461872
Delhi,New Delhi,2025,4,11664194.95,10013433.07,0.8584761411245103
Delhi,New Delhi,2025,5,13050915.77,11552931.67,0.8852200009256516
Delhi,New Delhi,2025,6,9142394.91,6892812.73,0.7539395090514637
Delhi,New Delhi,2025,7,17135439.9,15024411.07,0.8768033477798257
Delhi,New Delhi,2025,8,8774641.43,7449575.26,0.8489891375538522
Delhi,New Delhi,2025,9,8805944.57,7471325.5,0.8484411229947135
Delhi,New Delhi,2025,10,7788903.84,7135295.62,0.9160846977409853
Delhi,New Delhi,2025,11,10531270.9,9234037.88,0.8768208478997536
Delhi,New Delhi,2025,12,8659940.19,7109274.27,0.820938033522377
Delhi,New Delhi,2026,1,5296310.17,4700388.24,0.8874835666960192
Delhi,New Delhi,2026,2,8600583.71,8006145.57,0.9308839771760096
Delhi,New Delhi,2026,3,16075257.98,11806477.45,0.7344502629251116
Delhi,New Delhi,2026,4,5342214.97,5218214.44,0.9767885548042633
Delhi,New Delhi,2026,5,10925627.43,9201953.3,0.8422356847656117
Delhi,New Delhi,2026,6,14898707.34,11091623.2,0.7444688285285829
Delhi,New Delhi,2026,7,9403718.26,8764760.04,0.9320525985218105
Delhi,New Delhi,2026,8,6646750.8,5844119.8,0.8792446077563191
Delhi,New Delhi,2026,9,14963568.59,11761094.89,0.7859819547230077
Delhi,New Delhi,2026,10,6594292.49,5978659.37,0.9066415205371031
Delhi,New Delhi,2026,11,12171900.12,9639075.97,0.7919121809224968
Delhi,New Delhi,2026,12,12310418.34,9795821.26,0.7957342301009082
Delhi,New Delhi,2027,1,12539713.28,11518543.82,0.9185651667467791
Delhi,New Delhi,2027,2,10047737.56,8485813.28,0.8445496540218154
Delhi,New Delhi,2027,3,11880660.63,9199447.59,0.774321216344684
Delhi,New Delhi,2027,4,9381446.31,8021588.67,0.8550481881934897
Delhi,New Delhi,2027,5,5208001.34,4656354.05,0.8940769684978614
Delhi,New Delhi,2027,6,11756259.62,10721647.61,0.9119947973724657
Delhi,New Delhi,2027,7,10042565.5,8551517.86,0.8515272178209841
Delhi,New Delhi,2027,8,16751613.85,14556191.33,0.8689426260861428
Delhi,New Delhi,2027,9,6975863.4,5554282.7,0.7962143725463431
Delhi,New Delhi,2027,10,16252155.46,13104350.59,0.8063146222205777
Delhi,New Delhi,2027,11,14433171.78,12004547.36,0.831733145214461
Delhi,New Delhi,2027,12,9151718.92,7221612.47,0.789099024251938
Gujarat,Ahmedabad,2025,1,6024028.8,4895902.76,0.8127289763289313
Gujarat,Ahmedabad,2025,2,5244129.22,4805805.37,0.9164162758750632
Gujarat,Ahmedabad,2025,3,3753228.08,3349961.77,0.8925548084463868
Gujarat,Ahmedabad,2025,4,6137888.31,5228652.31,0.8518650138161279
Gujarat,Ahmedabad,2025,5,8764701.36,8103369.22,0.9245459585174046
Gujarat,Ahmedabad,2025,6,4953840.52,4318795.54,0.8718075445836113
Gujarat,Ahmedabad,2025,7,4856654.55,4395862.18,0.9051214441430675
Gujarat,Ahmedabad,2025,8,2707364.8,2451181.83,0.9053755260465823
Gujarat,Ahmedabad,2025,9,3200450.77,2807202.33,0.8771271710578444
Gujarat,Ahmedabad,2025,10,5508875.08,4766511.69,0.865242290082933
Gujarat,Ahmedabad,2025,11,4918009.32,4369094.69,0.8883868259932456
Gujarat,Ahmedabad,2025,12,5492234.13,4588133.47,0.8353856302189361
Gujarat,Ahmedabad,2026,1,6538995.19,5570809.17,0.8519365755948812
Gujarat,Ahmedabad,2026,2,8340524.34,6274660.81,0.7523101131553079
Gujarat,Ahmedabad,2026,3,6820936.48,5609388.26,0.8223780233766375
Gujarat,Ahmedabad,2026,4,3916045.96,3201167.37,0.8174488764171706
Gujarat,Ahmedabad,2026,5,8315067.24,6415008.28,0.7714920510973523
Gujarat,Ahmedabad,2026,6,4461975.71,4016919.07,0.9002557008540953
Gujarat,Ahmedabad,2026,7,2712158.94,2528576.93,0.932311485402843
Gujarat,Ahmedabad,2026,8,7810272.79,5393151.57,0.690520256463411
Gujarat,Ahmedabad,2026,9,6378447.51,5924074.97,0.9287643992856186
Gujarat,Ahmedabad,2026,10,6831016.67,5662588.4,0.8289525078848915
Gujarat,Ahmedabad,2026,11,5012130.71,4233844.67,0.8447195244834307
Gujarat,Ahmedabad,2026,12,8309001.24,7462971.0,0.8981790692331152
Gujarat,Ahmedabad,2027,1,3068719.37,2672628.51,0.8709263336777516
Gujarat,Ahmedabad,2027,2,4144223.79,3706346.54,0.8943403464222669
Gujarat,Ahmedabad,2027,3,7312193.47,6217165.63,0.8502463256076839
Gujarat,Ahmedabad,2027,4,7428674.95,6525783.5,0.8784586139416424
Gujarat,Ahmedabad,2027,5,7805679.1,6179966.32,0.791726926104354
Gujarat,Ahmedabad,2027,6,6758672.64,4952842.27,0.7328128663441228
Gujarat,Ahmedabad,2027,7,4807667.78,4267152.93,0.887572337621049
Gujarat,Ahmedabad,2027,8,6995056.3,5651828.56,0.8079747063651225
Gujarat,Ahmedabad,2027,9,3391692.76,2888092.08,0.8515193693428765
Gujarat,Ahmedabad,2027,10,3728993.98,3114723.67,0.8352718418708737
Gujarat,Ahmedabad,2027,11,8569856.76,7204762.83,0.8407098311874235
Gujarat,Ahmedabad,2027,12,2914922.9,2685541.22,0.9213078054311489
Gujarat,Surat,2025,1,4996291.95,3822027.34,0.7649727794629775
Gujarat,Surat,2025,2,13597165.75,12585273.43,0.9255806438926436
Gujarat,Surat,2025,3,6079492.33,4981686.0,0.8194246706122582
Gujarat,Surat,2025,4,11046527.73,9562702.35,0.8656749508743594
Gujarat,Surat,2025,5,7785530.65,7048773.14,0.9053683630415095
Gujarat,Surat,2025,6,12645410.37,12330686.8,0.9751116364917148
Gujarat,Surat,2025,7,12394292.03,11548374.25,0.9317494070696025
Gujarat,Surat,2025,8,10134650.76,8282146.35,0.8172108290784358
Gujarat,Surat,2025,9,13917428.62,11336037.92,0.8145210030902965
Gujarat,Surat,2025,10,10814174.11,10031010.0,0.9275798501084056
Gujarat,Surat,2025,11,12626292.06,9372357.22,0.742288961435603
Gujarat,Surat,2025,12,13847310.79,11827532.17,0.8541392873583363
Gujarat,Surat,2026,1,11258078.43,9222843.67,0.8192200584980291
Gujarat,Surat,2026,2,13174422.55,11058634.08,0.8394018058878793
Gujarat,Surat,2026,3,5663389.21,4569684.34,0.8068815634163345
Gujarat,Surat,2026,4,5460115.17,4514540.72,0.8268215192244744
Gujarat,Surat,2026,5,13004636.66,11513398.69,0.8853302857290285
Gujarat,Surat,2026,6,12925529.58,11241892.06,0.869743246527776
Gujarat,Surat,2026,7,5454740.74,4480776.91,0.8214463571370396
Gujarat,Surat,2026,8,11137163.8,9453024.3,0.848782012167227
Gujarat,Surat,2026,9,13301956.78,12400757.93,0.9322506556813516
Gujarat,Surat,2026,10,10844638.76,9559620.21,0.8815065602056071
Gujarat,Surat,2026,11,10285137.05,8216631.32,0.798883989591563
Gujarat,Surat,2026,12,9230492.21,7271704.53,0.7877916328364465
Gujarat,Surat,2027,1,4258997.63,3851951.36,0.9044267441867536
Gujarat,Surat,2027,2,12355022.45,9611871.65,0.7779728194666292
Gujarat,Surat,2027,3,12001598.14,9372841.29,0.7809660997364472
Gujarat,Surat,2027,4,12514922.99,11422656.73,0.9127228940303691
Gujarat,Surat,2027,5,4798534.54,3863942.15,0.8052337891476342
Gujarat,Surat,2027,6,10617870.54,8313206.34,0.7829447824478749
Gujarat,Surat,2027,7,12151718.19,10926043.88,0.8991357196706025
Gujarat,Surat,2027,8,8496813.03,8411844.9,0.9900000000353075
Gujarat,Surat,2027,9,12347892.09,10431492.52,0.8447994559693305
Gujarat,Surat,2027,10,9005336.01,6829212.42,0.7583517608245247
Gujarat,Surat,2027,11,6550273.18,6484770.44,0.9899999987481439
Gujarat,Surat,2027,12,8561469.87,7020783.65,0.8200441929488448
Haryana,Gurugram,2025,1,10555740.47,9147668.12,0.8666060089292815
Haryana,Gurugram,2025,2,5944897.1,5700101.42,0.9588225538840698
Haryana,Gurugram,2025,3,10841968.84,9602434.83,0.8856726090719884
Haryana,Gurugram,2025,4,14231089.14,12522669.11,0.8799515614586333
Haryana,Gurugram,2025,5,12889784.47,12109900.69,0.9394959797958514
Haryana,Gurugram,2025,6,16443147.6,11964344.81,0.7276188903151366
Haryana,Gurugram,2025,7,15974332.72,15395264.79,0.9637501021075513
Haryana,Gurugram,2025,8,13578849.73,10845468.46,0.79870303270526
Haryana,Gurugram,2025,9,5065677.68,3811312.17,0.7523795256550946
Haryana,Gurugram,2025,10,12120781.3,9605720.64,0.7925001204336556
Haryana,Gurugram,2025,11,10195074.21,8268257.53,0.8110051344099044
Haryana,Gurugram,2025,12,6820872.64,5499583.23,0.8062873359852092
Haryana,Gurugram,2026,1,11407223.33,9254297.35,0.8112664302505594
Haryana,Gurugram,2026,2,7725247.2,6622824.61,0.8572961406335321
Haryana,Gurugram,2026,3,6641618.98,6153068.84,0.9264411069844298
Haryana,Gurugram,2026,4,13846144.48,11222067.72,0.8104832169135361
Haryana,Gurugram,2026,5,11454705.97,9586903.78,0.8369401890461619
Haryana,Gurugram,2026,6,15556243.76,13993459.54,0.8995397446767702
Haryana,Gurugram,2026,7,13352743.22,10733647.75,0.803853378526963
Haryana,Gurugram,2026,8,12705952.52,10376152.77,0.8166371433914346
Haryana,Gurugram,2026,9,7737728.02,6546644.88,0.8460681046269187
Haryana,Gurugram,2026,10,7655905.85,6491813.58,0.8479484605992118
Haryana,Gurugram,2026,11,7956914.95,6733882.33,0.8462931138908303
Haryana,Gurugram,2026,12,6415919.73,5103524.77,0.7954471041987302
Haryana,Gurugram,2027,1,13731418.15,10986161.75,0.8000748087334301
Haryana,Gurugram,2027,2,6681097.75,5181337.27,0.7755218474389182
Haryana,Gurugram,2027,3,7770469.45,6190019.91,0.7966082293779561
Haryana,Gurugram,2027,4,7669121.51,5915834.97,0.7713836535626881
Haryana,Gurugram,2027,5,14300801.45,11657454.9,0.8151609502976493
Haryana,Gurugram,2027,6,12232874.27,10175780.79,0.8318389092705029
Haryana,Gurugram,2027,7,14789582.34,11618872.37,0.7856119329736257
Haryana,Gurugram,2027,8,12094968.26,9818461.15,0.8117806462106417
Haryana,Gurugram,2027,9,14197816.57,11522409.49,0.8115620759847583
Haryana,Gurugram,2027,10,8789954.17,7400446.83,0.8419209801181478
Haryana,Gurugram,2027,11,14946259.03,14431747.82,0.9655759204381995
Haryana,Gurugram,2027,12,7407979.84,6076524.46,0.8202674131467399
Karnataka,Bengaluru,2025,1,6853422.3,4777867.93,0.6971506673388563
Karnataka,Bengaluru,2025,2,4252591.52,3591353.76,0.8445094580821626
Karnataka,Bengaluru,2025,3,5748789.67,4890680.71,0.8507322394350183
Karnataka,Bengaluru,2025,4,6310759.19,5589546.94,0.8857170384281451
Karnataka,Bengaluru,2025,5,3631393.27,2776600.87,0.7646103474769066
Karnataka,Bengaluru,2025,6,4592272.27,3670013.36,0.7991715526048285
Karnataka,Bengaluru,2025,7,7358900.72,5745068.86,0.7806966119798394
Karnataka,Bengaluru,2025,8,4232284.41,3392160.72,0.8014964003801437
Karnataka,Bengaluru,2025,9,6621642.33,5464263.15,0.8252126704644889
Karnataka,Bengaluru,2025,10,2980235.75,2486497.01,0.8343289654182559
Karnataka,Bengaluru,2025,11,2643101.81,2374157.25,0.8982466135120236
Karnataka,Bengaluru,2025,12,7065159.64,6125617.89,0.8670176191517733
Karnataka,Bengaluru,2026,1,4614939.08,3671129.91,0.7954882711041118
Karnataka,Bengaluru,2026,2,7570246.37,5836583.91,0.7709899552450101
Karnataka,Bengaluru,2026,3,4224968.39,3969586.34,0.9395540921431604
Karnataka,Bengaluru,2026,4,5769870.49,4996624.24,0.8659855101877685
Karnataka,Bengaluru,2026,5,6173611.71,5199941.86,0.8422852139497449
Karnataka,Bengaluru,2026,6,3519547.48,3003732.78,0.853442892039064
Karnataka,Bengaluru,2026,7,8101865.77,6966777.54,0.8598979220066738
Karnataka,Bengaluru,2026,8,4374111.09,3857574.51,0.8819105026434068
Karnataka,Bengaluru,2026,9,6672400.86,5965070.04,0.8939915579352646
Karnataka,Bengaluru,2026,10,3638134.87,3259757.6,0.8959969095373311
Karnataka,Bengaluru,2026,11,4377577.05,3838498.58,0.8768546015654939
Karnataka,Bengaluru,2026,12,7200387.42,5909082.66,0.8206617665581112
Karnataka,Bengaluru,2027,1,3819612.94,3335585.6,0.8732784322382152
Karnataka,Bengaluru,2027,2,3909310.14,3380354.35,0.864693316453015
Karnataka,Bengaluru,2027,3,6550593.0,5410255.66,0.8259184565427894
Karnataka,Bengaluru,2027,4,6024027.3,5377822.73,0.8927288111725524
Karnataka,Bengaluru,2027,5,7721567.5,6952364.7,0.9003825583341725
Karnataka,Bengaluru,2027,6,3106965.41,2735478.8,0.8804342627039417
Karnataka,Bengaluru,2027,7,7319659.22,5708114.47,0.7798333636084221
Karnataka,Bengaluru,2027,8,5558768.39,4835474.43,0.8698823355725386
Karnataka,Bengaluru,2027,9,4128194.01,3477116.14,0.8422850601442543
Karnataka,Bengaluru,2027,10,8154278.15,6357059.74,0.7795980984533867
Karnataka,Bengaluru,2027,11,5814325.6,5617063.56,0.9660731005501308
Karnataka,Bengaluru,2027,12,5705872.37,4584744.96,0.8035134091160893
Karnataka,Mysuru,2025,1,2724662.74,2111611.4,0.7749991839356969
Karnataka,Mysuru,2025,2,5632480.14,4485731.18,0.7964042603796913
Karnataka,Mysuru,2025,3,5355120.38,4959426.76,0.926109295044456
Karnataka,Mysuru,2025,4,5131951.73,4604095.76,0.897143231703779
Karnataka,Mysuru,2025,5,5638215.46,5102985.89,0.9050711038275929
Karnataka,Mysuru,2025,6,5648431.71,4898076.13,0.8671568289173845
Karnataka,Mysuru,2025,7,5007457.43,4258748.71,0.8504812611057984
Karnataka,Mysuru,2025,8,3038595.31,2485615.65,0.8180147062755784
Karnataka,Mysuru,2025,9,5669577.85,5122568.1,0.903518433916557
Karnataka,Mysuru,2025,10,4836451.41,4680043.86,0.9676606799612197
Karnataka,Mysuru,2025,11,3050011.33,2487843.34,0.8156833109206842
Karnataka,Mysuru,2025,12,5728835.17,5382548.92,0.9395538115997147
Karnataka,Mysuru,2026,1,2376891.23,2124813.38,0.8939464091505777
Karnataka,Mysuru,2026,2,4175961.72,3627543.78,0.8686726611085888
Karnataka,Mysuru,2026,3,3087897.19,2736143.89,0.88608646002233
Karnataka,Mysuru,2026,4,3774702.11,3309879.12,0.8768583648578299
Karnataka,Mysuru,2026,5,5575318.33,4074386.75,0.7307899762559388
Karnataka,Mysuru,2026,6,5814187.16,5532486.26,0.9515493925035602
Karnataka,Mysuru,2026,7,4377640.5,3469150.16,0.7924703181999527
Karnataka,Mysuru,2026,8,2729822.93,2371083.9,0.8685852382374118
Karnataka,Mysuru,2026,9,3001376.78,2256003.52,0.7516562182506124
Karnataka,Mysuru,2026,10,1827530.64,1470171.98,0.8044581840772859
Karnataka,Mysuru,2026,11,2200040.95,1935279.39,0.8796560764016687
Karnataka,Mysuru,2026,12,5390369.93,3905621.77,0.7245554239725436
Karnataka,Mysuru,2027,1,2931677.49,2566703.29,0.8755067017961787
Karnataka,Mysuru,2027,2,5803983.53,4598620.99,0.7923215092238555
Karnataka,Mysuru,2027,3,5660078.56,4213525.03,0.7444287186713536
Karnataka,Mysuru,2027,4,3583404.08,2647016.8,0.7386877786889163
Karnataka,Mysuru,2027,5,2252922.44,2021913.95,0.8974627417710838
Karnataka,Mysuru,2027,6,2479597.42,2209721.77,0.8911615055640767
Karnataka,Mysuru,2027,7,1990792.97,1519957.2,0.7634933531034118
Karnataka,Mysuru,2027,8,2100946.43,1429417.77,0.6803684994481273
Karnataka,Mysuru,2027,9,5005055.42,3765278.13,0.7522949925697326
Karnataka,Mysuru,2027,10,3788276.67,3511560.68,0.9269546513876982
Karnataka,Mysuru,2027,11,3660612.52,3066010.7,0.8375676702324124
Karnataka,Mysuru,2027,12,3487629.83,2888900.63,0.8283277672275213
Kerala,Kochi,2025,1,4322635.81,3889020.52,0.899687295192236
Kerala,Kochi,2025,2,4321081.03,3817862.11,0.8835432808349811
Kerala,Kochi,2025,3,4633643.44,3968024.17,0.8563507791182137
Kerala,Kochi,2025,4,3713478.05,3085353.25,0.8308526961671417
Kerala,Kochi,2025,5,1998863.97,1573762.12,0.7873282742697094
Kerala,Kochi,2025,6,4576977.42,4394884.18,0.9602153947265922
Kerala,Kochi,2025,7,4378522.34,3664764.06,0.8369864934844663
Kerala,Kochi,2025,8,5881431.95,5364180.75,0.9120535263525407
Kerala,Kochi,2025,9,5793345.82,4692211.37,0.8099311720355751
Kerala,Kochi,2025,10,3809648.68,2681675.88,0.7039168451616908
Kerala,Kochi,2025,11,2374482.65,1945333.73,0.8192663483980395
Kerala,Kochi,2025,12,2566040.74,1971538.91,0.7683194110160542
Kerala,Kochi,2026,1,3896298.45,3347759.4,0.8592153406523568
Kerala,Kochi,2026,2,4377456.17,3524053.45,0.8050459703403495
Kerala,Kochi,2026,3,3484190.41,2874174.53,0.8249189027530788
Kerala,Kochi,2026,4,3836029.93,3683856.04,0.9603303694765488
Kerala,Kochi,2026,5,5164962.44,4551787.86,0.8812818898253207
Kerala,Kochi,2026,6,4087579.02,3254756.2,0.7962552366755224
Kerala,Kochi,2026,7,4931769.71,4533974.37,0.9193402442953891
Kerala,Kochi,2026,8,2599998.27,2206604.06,0.8486944339389888
Kerala,Kochi,2026,9,2504561.34,1982604.51,0.7915975058530609
Kerala,Kochi,2026,10,5892728.17,5571499.34,0.9454872478870852
Kerala,Kochi,2026,11,3414026.94,3031402.14,0.8879256646990606
Kerala,Kochi,2026,12,5547649.53,4868181.52,0.8775214608771437
Kerala,Kochi,2027,1,4034065.82,3172686.3,0.7864736079095507
Kerala,Kochi,2027,2,5159046.32,4102697.75,0.7952434414273682
Kerala,Kochi,2027,3,4571742.05,3467822.79,0.7585342200135723
Kerala,Kochi,2027,4,5418964.9,3956271.86,0.7300788864677827
Kerala,Kochi,2027,5,5145447.42,4430642.4,0.861080104089374
Kerala,Kochi,2027,6,5282050.05,5076556.31,0.9610958362653151
Kerala,Kochi,2027,7,4433779.93,4182111.95,0.9432385043973079
Kerala,Kochi,2027,8,3847103.79,3035954.27,0.7891532008810191
Kerala,Kochi,2027,9,4204468.44,3634106.08,0.8643437647019179
Kerala,Kochi,2027,10,5425231.6,5012734.36,0.9239668883444535
Kerala,Kochi,2027,11,1876840.42,1640434.96,0.874040724250813
Kerala,Kochi,2027,12,2793162.48,2206635.57,0.790013322103625
Madhya Pradesh,Indore,2025,1,4739637.54,3818519.92,0.805656527060084
Madhya Pradesh,Indore,2025,2,4723077.76,4547608.59,0.9628485536515918
Madhya Pradesh,Indore,2025,3,4262788.04,3290969.13,0.7720226994912934
Madhya Pradesh,Indore,2025,4,2335612.36,1760490.29,0.7537596221660687
Madhya Pradesh,Indore,2025,5,5043949.15,4411034.39,0.8745199959043995
Madhya Pradesh,Indore,2025,6,5097384.18,4240870.57,0.8319699713118348
Madhya Pradesh,Indore,2025,7,3412389.62,2770792.77,0.8119801894134234
Madhya Pradesh,Indore,2025,8,2532447.02,2041717.61,0.8062232275248151
Madhya Pradesh,Indore,2025,9,3081378.3,2632594.92,0.854356285951647
Madhya Pradesh,Indore,2025,10,5368703.13,4177141.63,0.7780541275710285
Madhya Pradesh,Indore,2025,11,2084560.42,1657987.98,0.7953657586955432
Madhya Pradesh,Indore,2025,12,2071348.81,1877952.29,0.9066325675973426
Madhya Pradesh,Indore,2026,1,2416319.62,1906666.31,0.7890786857079777
Madhya Pradesh,Indore,2026,2,4820350.1,3552170.1,0.7369112255974936
Madhya Pradesh,Indore,2026,3,4966366.11,4213797.65,0.8484669790081183
Madhya Pradesh,Indore,2026,4,2600456.75,2237489.0,0.8604215394084136
Madhya Pradesh,Indore,2026,5,5315054.64,4886372.57,0.9193456889843
Madhya Pradesh,Indore,2026,6,2398441.34,2051642.17,0.8554064407512255
Madhya Pradesh,Indore,2026,7,1752847.01,1387077.66,0.7913284228952759
Madhya Pradesh,Indore,2026,8,4470981.81,3703284.05,0.8282932490839188
Madhya Pradesh,Indore,2026,9,5351273.14,4735688.17,0.8849647637309727
Madhya Pradesh,Indore,2026,10,2239250.77,2121562.33,0.9474429386932844
Madhya Pradesh,Indore,2026,11,5305085.99,4745075.61,0.8944389627132133
Madhya Pradesh,Indore,2026,12,3181075.31,3054377.97,0.9601715370894505
Madhya Pradesh,Indore,2027,1,5435648.26,5297909.53,0.9746601098136546
Madhya Pradesh,Indore,2027,2,3117942.11,2720150.05,0.8724183945801354
Madhya Pradesh,Indore,2027,3,3920233.03,3500464.74,0.892922617918966
Madhya Pradesh,Indore,2027,4,2667695.1,2275582.77,0.8530145630210889
Madhya Pradesh,Indore,2027,5,4333882.45,3579842.56,0.8260128421341931
Madhya Pradesh,Indore,2027,6,2124682.17,2066393.19,0.9725657885103822
Madhya Pradesh,Indore,2027,7,4017019.29,3146335.49,0.7832512773420115
Madhya Pradesh,Indore,2027,8,4197179.37,3358977.24,0.8002939459792494
Madhya Pradesh,Indore,2027,9,4553583.64,3710245.1,0.8147967388603847
Madhya Pradesh,Indore,2027,10,2285787.89,1914599.34,0.8376102386297969
Madhya Pradesh,Indore,2027,11,4917449.95,3539987.22,0.7198827148205138
Madhya Pradesh,Indore,2027,12,5370808.77,4631596.76,0.8623648612981617
Maharashtra,Mumbai,2025,1,5300814.87,4772542.55,0.9003412997896302
Maharashtra,Mumbai,2025,2,4540310.8,3551297.93,0.782170667699665
Maharashtra,Mumbai,2025,3,3116070.83,2905542.74,0.9324379638700319
Maharashtra,Mumbai,2025,4,4026760.58,3246958.41,0.8063450372805626
Maharashtra,Mumbai,2025,5,2184598.28,2065986.58,0.9457054868687347
Maharashtra,Mumbai,2025,6,5824574.74,4924756.83,0.8455135438780549
Maharashtra,Mumbai,2025,7,2755921.14,2464184.06,0.8941417169868656
Maharashtra,Mumbai,2025,8,5466932.74,4699003.92,0.8595320527027372
Maharashtra,Mumbai,2025,9,2587445.94,2322489.31,0.8975991629800003
Maharashtra,Mumbai,2025,10,4764721.97,4578408.85,0.9608973784466168
Maharashtra,Mumbai,2025,11,4985993.59,4168555.02,0.8360530242879836
Maharashtra,Mumbai,2025,12,5375663.19,4708316.1,0.8758577190547534
Maharashtra,Mumbai,2026,1,3075323.98,2565527.11,0.8342298654335599
Maharashtra,Mumbai,2026,2,4113177.93,3430509.17,0.8340288770342594
Maharashtra,Mumbai,2026,3,5063645.05,3867064.75,0.7636919080653175
Maharashtra,Mumbai,2026,4,3443619.43,3073907.86,0.8926386676822763
Maharashtra,Mumbai,2026,5,3791195.98,3131439.84,0.82597677791376
Maharashtra,Mumbai,2026,6,5389857.34,4612877.81,0.8558441381678573
Maharashtra,Mumbai,2026,7,4476566.4,3962466.62,0.8851575662990278
Maharashtra,Mumbai,2026,8,2958360.52,2768933.57,0.9359689433659694
Maharashtra,Mumbai,2026,9,3382939.67,2905413.01,0.8588426910965279
Maharashtra,Mumbai,2026,10,3214781.89,2666185.77,0.8293519937677638
Maharashtra,Mumbai,2026,11,4575844.83,3572168.38,0.7806576736562983
Maharashtra,Mumbai,2026,12,3426444.33,2725034.92,0.7952952558257381
Maharashtra,Mumbai,2027,1,5591355.46,4841428.04,0.8658773484596166
Maharashtra,Mumbai,2027,2,4394439.07,4055803.42,0.9229399601164568
Maharashtra,Mumbai,2027,3,3483091.14,3198659.06,0.9183391796058485
Maharashtra,Mumbai,2027,4,3822139.31,2848696.09,0.7453145631157018
Maharashtra,Mumbai,2027,5,2194541.38,2172595.96,0.9899999971748084
Maharashtra,Mumbai,2027,6,6084966.57,5565211.52,0.9145837460204813
Maharashtra,Mumbai,2027,7,4006832.13,3561749.39,0.8889190448814736
Maharashtra,Mumbai,2027,8,3280043.07,2765982.17,0.8432761738095104
Maharashtra,Mumbai,2027,9,3242452.77,2590767.63,0.7990147625188077
Maharashtra,Mumbai,2027,10,5003803.58,4380559.37,0.8754459082904289
Maharashtra,Mumbai,2027,11,3905669.3,3445015.35,0.8820550551988618
Maharashtra,Mumbai,2027,12,4683696.62,3628500.35,0.7747086637733595
Maharashtra,Pune,2025,1,14259296.92,12925713.62,0.9064762233732909
Maharashtra,Pune,2025,2,9472383.31,8445289.48,0.8915696508062869
Maharashtra,Pune,2025,3,11281354.85,9915740.41,0.8789494295536675
Maharashtra,Pune,2025,4,16278435.77,13197373.34,0.8107273651146396
Maharashtra,Pune,2025,5,18392061.82,15903748.02,0.8647071859396349
Maharashtra,Pune,2025,6,14817814.13,10798037.02,0.7287199667418152
Maharashtra,Pune,2025,7,17876421.86,14645887.79,0.819285196148308
Maharashtra,Pune,2025,8,9532102.79,8459972.93,0.8875243077398666
Maharashtra,Pune,2025,9,17286749.02,14689588.54,0.8497600400749036
Maharashtra,Pune,2025,10,10458472.98,10147162.2,0.9702336296517351
Maharashtra,Pune,2025,11,17235541.7,14993796.06,0.869934715193779
Maharashtra,Pune,2025,12,10326849.43,8413764.39,0.8147464962118656
Maharashtra,Pune,2026,1,15179921.11,13794322.95,0.9087216494763457
Maharashtra,Pune,2026,2,17734403.08,14998648.22,0.8457374151439442
Maharashtra,Pune,2026,3,13018025.49,10283878.01,0.7899721826401186
Maharashtra,Pune,2026,4,13345603.86,11858939.02,0.8886026548071089
Maharashtra,Pune,2026,5,17433942.51,15293696.03,0.8772368052279415
Maharashtra,Pune,2026,6,10698787.5,10079579.04,0.942123492031223
Maharashtra,Pune,2026,7,16274861.14,13400851.73,0.8234080533605094
Maharashtra,Pune,2026,8,17616903.94,14838091.48,0.8422644257206524
Maharashtra,Pune,2026,9,17428287.31,15010785.31,0.8612886075952578
Maharashtra,Pune,2026,10,17579094.13,15834980.81,0.9007848011335498
Maharashtra,Pune,2026,11,6114385.15,5390386.21,0.8815908840809611
Maharashtra,Pune,2026,12,7437864.62,5876776.23,0.7901160521526137
Maharashtra,Pune,2027,1,10785205.5,8734012.75,0.8098142172627123
Maharashtra,Pune,2027,2,7575827.37,6024586.51,0.795238092918688
Maharashtra,Pune,2027,3,13039077.57,12457036.5,0.95536179097982
Maharashtra,Pune,2027,4,8310256.51,6430761.91,0.7738343458185264
Maharashtra,Pune,2027,5,17344559.35,16345141.78,0.9423786128069029
Maharashtra,Pune,2027,6,9718957.51,8493550.37,0.8739157837927413
Maharashtra,Pune,2027,7,18873656.79,16059831.71,0.8509125649942478
Maharashtra,Pune,2027,8,17288839.26,14083924.49,0.8146252202474349
Maharashtra,Pune,2027,9,16027741.94,12258471.29,0.7648283417520509
Maharashtra,Pune,2027,10,14572921.33,11660261.82,0.8001320775674564
Maharashtra,Pune,2027,11,12682538.08,9518931.35,0.7505541311964269
Maharashtra,Pune,2027,12,18556257.43,15890272.91,0.8563296219586882
Punjab,Ludhiana,2025,1,2992385.91,2625979.28,0.877553684243888
Punjab,Ludhiana,2025,2,4430923.42,3808458.67,0.8595180527854847
Punjab,Ludhiana,2025,3,3413987.77,3103944.0,0.9091842763103981
Punjab,Ludhiana,2025,4,5618167.59,4630129.22,0.8241351198282784
Punjab,Ludhiana,2025,5,5310542.81,4434697.94,0.8350743226566704
Punjab,Ludhiana,2025,6,3195351.02,2620639.84,0.820141456634082
Punjab,Ludhiana,2025,7,2547218.45,2174595.62,0.8537138304726083
Punjab,Ludhiana,2025,8,3412020.76,2885605.0,0.8457173044867407
Punjab,Ludhiana,2025,9,2469407.74,2222019.74,0.8998188934161193
Punjab,Ludhiana,2025,10,3540660.16,3211135.61,0.9069313249199267
Punjab,Ludhiana,2025,11,3982943.93,3348114.62,0.8406130437291895
Punjab,Ludhiana,2025,12,2683129.47,2518922.99,0.9388003889353874
Punjab,Ludhiana,2026,1,3596908.28,2919714.6,0.8117289551792519
Punjab,Ludhiana,2026,2,2891788.59,2515142.29,0.8697531689202772
Punjab,Ludhiana,2026,3,6017538.97,4956914.68,0.8237445082968861
Punjab,Ludhiana,2026,4,4897517.71,4038467.6,0.8245947925321541
Punjab,Ludhiana,2026,5,2548211.45,2335046.57,0.9163472560332463
Punjab,Ludhiana,2026,6,3506786.65,3174563.63,0.9052628365629257
Punjab,Ludhiana,2026,7,5781978.39,5464732.52,0.9451319516259901
Punjab,Ludhiana,2026,8,5697770.0,4500021.22,0.7897863936241722
Punjab,Ludhiana,2026,9,5141464.07,4370681.63,0.8500850284070933
Punjab,Ludhiana,2026,10,4739994.1,3843784.99,0.810926112756132
Punjab,Ludhiana,2026,11,4373041.14,3865599.7,0.8839614300998779
Punjab,Ludhiana,2026,12,2310768.73,1962851.59,0.8494366244950874
Punjab,Ludhiana,2027,1,5293984.58,4576159.27,0.8644073666720048
Punjab,Ludhiana,2027,2,2314962.69,1981338.05,0.8558833619905987
Punjab,Ludhiana,2027,3,2790939.18,2365121.05,0.8474283735555999
Punjab,Ludhiana,2027,4,3488833.26,2855995.18,0.8186103969898523
Punjab,Ludhiana,2027,5,5493853.32,4616011.14,0.840213757290484
Punjab,Ludhiana,2027,6,5575698.78,4847123.75,0.8693302743302068
Punjab,Ludhiana,2027,7,3245424.77,2859535.62,0.8810974903602526
Punjab,Ludhiana,2027,8,3075432.63,2783755.81,0.9051590930151509
Punjab,Ludhiana,2027,9,3620143.37,2688216.74,0.7425718998526846
Punjab,Ludhiana,2027,10,1948253.15,1727988.44,0.8869424591973585
Punjab,Ludhiana,2027,11,2594619.8,2082415.13,0.8025897011962986
Punjab,Ludhiana,2027,12,4505892.16,4198741.98,0.9318336593301869
Rajasthan,Jaipur,2025,1,11220758.68,9679619.06,0.8626528148451367
Rajasthan,Jaipur,2025,2,5709036.83,5118029.11,0.8964785588885402
Rajasthan,Jaipur,2025,3,9918062.2,8376199.09,0.8445398830025487
Rajasthan,Jaipur,2025,4,10914121.74,9557798.93,0.8757277184265676
Rajasthan,Jaipur,2025,5,7050408.29,5521835.92,0.7831937801151088
Rajasthan,Jaipur,2025,6,9990189.39,8375156.59,0.8383381198341826
Rajasthan,Jaipur,2025,7,10986514.6,9730448.39,0.8856720028388257
Rajasthan,Jaipur,2025,8,12349238.74,11459574.98,0.9279580078796015
Rajasthan,Jaipur,2025,9,8869736.57,6948872.96,0.7834362278021972
Rajasthan,Jaipur,2025,10,6926691.3,5838648.92,0.8429203305191326
Rajasthan,Jaipur,2025,11,4488308.58,4202264.79,0.9362691345968017
Rajasthan,Jaipur,2025,12,13933265.32,12830138.99,0.920827867361676
Rajasthan,Jaipur,2026,1,7598061.76,6729684.21,0.8857106486589023
Rajasthan,Jaipur,2026,2,5619509.83,4811856.56,0.8562769183731457
Rajasthan,Jaipur,2026,3,13466316.49,11005295.89,0.8172461933575126
Rajasthan,Jaipur,2026,4,14487781.18,12273064.68,0.8471321127449551
Rajasthan,Jaipur,2026,5,8168110.68,6426463.82,0.7867748212246312
Rajasthan,Jaipur,2026,6,7159666.0,5907943.29,0.8251702369915022
Rajasthan,Jaipur,2026,7,7999621.35,5423855.38,0.6780140137507884
Rajasthan,Jaipur,2026,8,11417404.9,9115593.56,0.7983945248363751
Rajasthan,Jaipur,2026,9,13097127.82,11793734.69,0.9004825219763335
Rajasthan,Jaipur,2026,10,12534927.71,10717401.08,0.8550030225902275
Rajasthan,Jaipur,2026,11,5293655.48,4128882.6,0.7799681364983729
Rajasthan,Jaipur,2026,12,6955765.8,5443529.21,0.7825923653151174
Rajasthan,Jaipur,2027,1,4882690.83,4542424.16,0.9303116494885669
Rajasthan,Jaipur,2027,2,12883260.09,10661666.21,0.8275596499270862
Rajasthan,Jaipur,2027,3,7008326.91,5652423.81,0.8065297013948797
Rajasthan,Jaipur,2027,4,12393124.91,11330608.62,0.9142656676410437
Rajasthan,Jaipur,2027,5,9598529.43,8887250.58,0.9258971017188411
Rajasthan,Jaipur,2027,6,11377628.97,9473951.45,0.8326824046539459
Rajasthan,Jaipur,2027,7,4517833.4,3654464.94,0.8088976764835993
Rajasthan,Jaipur,2027,8,6299577.66,5449326.03,0.865030375702996
Rajasthan,Jaipur,2027,9,8123593.92,7021943.93,0.8643888405982755
Rajasthan,Jaipur,2027,10,7743343.16,6425778.22,0.8298454669029546
Rajasthan,Jaipur,2027,11,14787586.97,12573252.16,0.8502571910824744
Rajasthan,Jaipur,2027,12,4505919.17,3666279.65,0.8136585481625495
Tamil Nadu,Chennai,2025,1,9997367.73,6597590.94,0.65993280613276
Tamil Nadu,Chennai,2025,2,12171069.09,10813512.31,0.8884603505278434
Tamil Nadu,Chennai,2025,3,15593189.38,12908584.0,0.8278347479417324
Tamil Nadu,Chennai,2025,4,14552692.57,13480391.38,0.9263159594114893
Tamil Nadu,Chennai,2025,5,10673123.79,10039235.14,0.9406088917853731
Tamil Nadu,Chennai,2025,6,18561534.32,15157015.92,0.8165820593650148
Tamil Nadu,Chennai,2025,7,16057959.3,12184118.93,0.7587588623418667
Tamil Nadu,Chennai,2025,8,18331151.23,14141830.66,0.771464404093512
Tamil Nadu,Chennai,2025,9,7430264.77,5860157.83,0.7886876190012271
Tamil Nadu,Chennai,2025,10,10619492.71,9692723.4,0.9127294179384582
Tamil Nadu,Chennai,2025,11,14320837.54,11440683.14,0.7988836622191023
Tamil Nadu,Chennai,2025,12,10704164.25,9268447.01,0.8658730185310825
Tamil Nadu,Chennai,2026,1,17817081.57,14550170.31,0.8166416173622536
Tamil Nadu,Chennai,2026,2,16041097.64,11703932.69,0.7296216850407501
Tamil Nadu,Chennai,2026,3,8720117.37,8244243.95,0.9454280946220798
Tamil Nadu,Chennai,2026,4,17047374.84,14024422.86,0.8226734609655594
Tamil Nadu,Chennai,2026,5,12980150.51,12186887.04,0.938886419738441
Tamil Nadu,Chennai,2026,6,7519776.6,7015521.74,0.9329428403498051
Tamil Nadu,Chennai,2026,7,13417346.87,10716188.57,0.7986816375717654
Tamil Nadu,Chennai,2026,8,16521706.95,14040162.21,0.8498009468688706
Tamil Nadu,Chennai,2026,9,11508400.99,9005588.16,0.7825229732458253
Tamil Nadu,Chennai,2026,10,7874399.3,6966979.77,0.8847633329948101
Tamil Nadu,Chennai,2026,11,16856727.3,15859545.14,0.9408436677978411
Tamil Nadu,Chennai,2026,12,17031264.53,12824494.12,0.7529971774796923
Tamil Nadu,Chennai,2027,1,19045757.53,16329975.76,0.8574075215584244
Tamil Nadu,Chennai,2027,2,15210662.76,13414514.09,0.8819151605462325
Tamil Nadu,Chennai,2027,3,14226660.15,11153200.01,0.7839647459351167
Tamil Nadu,Chennai,2027,4,11442123.2,10033604.41,0.8769005747115186
Tamil Nadu,Chennai,2027,5,15780560.52,13826901.38,0.8761983683961057
Tamil Nadu,Chennai,2027,6,13153881.04,11042327.05,0.8394729294282869
Tamil Nadu,Chennai,2027,7,9271723.24,7849939.96,0.8466538265652546
Tamil Nadu,Chennai,2027,8,12883479.37,10671468.62,0.8283064158001597
Tamil Nadu,Chennai,2027,9,19126967.96,15772916.28,0.8246427929918485
Tamil Nadu,Chennai,2027,10,19238161.87,15850549.06,0.8239118252101494
Tamil Nadu,Chennai,2027,11,18758311.79,14898585.61,0.7942391499187251
Tamil Nadu,Chennai,2027,12,12429281.72,11651279.13,0.9374056677186653
Tamil Nadu,Coimbatore,2025,1,13076076.95,11993256.24,0.9171907052749487
Tamil Nadu,Coimbatore,2025,2,12658335.38,11490098.39,0.9077100617948708
Tamil Nadu,Coimbatore,2025,3,15751656.96,13679151.79,0.8684262122224378
Tamil Nadu,Coimbatore,2025,4,11963478.92,10999073.55,0.9193875480160081
Tamil Nadu,Coimbatore,2025,5,13536954.78,11949466.78,0.8827293120351252
Tamil Nadu,Coimbatore,2025,6,6802933.4,5938611.19,0.8729486003787719
Tamil Nadu,Coimbatore,2025,7,10821894.16,8728348.41,0.8065453497283142
Tamil Nadu,Coimbatore,2025,8,7706025.07,6514854.59,0.8454234875724327
Tamil Nadu,Coimbatore,2025,9,9202217.24,7845802.46,0.8525991351188749
Tamil Nadu,Coimbatore,2025,10,11175251.64,8894198.62,0.7958835207043266
Tamil Nadu,Coimbatore,2025,11,15011648.9,14701428.18,0.9793346672263298
Tamil Nadu,Coimbatore,2025,12,8103186.43,7381265.66,0.9109090261915646
Tamil Nadu,Coimbatore,2026,1,11825862.09,9592102.75,0.8111123465672007
Tamil Nadu,Coimbatore,2026,2,6181684.69,4805386.53,0.7773587251665532
Tamil Nadu,Coimbatore,2026,3,12796868.96,11662113.81,0.9113255630305368
Tamil Nadu,Coimbatore,2026,4,12006156.36,10660623.8,0.8879297820505814
Tamil Nadu,Coimbatore,2026,5,13863388.26,12565144.91,0.9063545414979238
Tamil Nadu,Coimbatore,2026,6,12104269.55,11369345.97,0.9392839380382106
Tamil Nadu,Coimbatore,2026,7,4996146.66,4699078.62,0.9405405685188593
Tamil Nadu,Coimbatore,2026,8,15564676.39,13687362.71,0.8793862697199322
Tamil Nadu,Coimbatore,2026,9,9598452.91,7615906.74,0.7934514875897849
Tamil Nadu,Coimbatore,2026,10,7847969.66,6510538.84,0.8295825700223208
Tamil Nadu,Coimbatore,2026,11,11332333.05,8606967.87,0.7595053756384259
Tamil Nadu,Coimbatore,2026,12,6907036.77,5977365.18,0.8654022526652917
Tamil Nadu,Coimbatore,2027,1,11137144.72,9363658.57,0.8407593512890977
Tamil Nadu,Coimbatore,2027,2,12845168.34,10704116.4,0.8333184989617661
Tamil Nadu,Coimbatore,2027,3,7474085.68,6094853.24,0.8154647271851987
Tamil Nadu,Coimbatore,2027,4,14870207.38,12711869.38,0.8548548823264629
Tamil Nadu,Coimbatore,2027,5,15153147.22,11256798.69,0.742868694309432
Tamil Nadu,Coimbatore,2027,6,15098983.87,13849771.35,0.9172651265306637
Tamil Nadu,Coimbatore,2027,7,13576375.76,11944258.45,0.8797825473563645
Tamil Nadu,Coimbatore,2027,8,13895499.55,11444735.1,0.8236289065260701
Tamil Nadu,Coimbatore,2027,9,11511047.71,9576286.64,0.8319213751221608
Tamil Nadu,Coimbatore,2027,10,8686927.69,6596186.43,0.7593232803806153
Tamil Nadu,Coimbatore,2027,11,8992265.6,7578607.52,0.8427917787481722
Tamil Nadu,Coimbatore,2027,12,5449659.83,4704206.84,0.8632110969759372
Telangana,Hyderabad,2025,1,20242447.86,18263464.97,0.9022359892594531
Telangana,Hyderabad,2025,2,17354668.52,16625149.16,0.9579640856200001
Telangana,Hyderabad,2025,3,6245393.03,5434659.44,0.8701869384191503
Telangana,Hyderabad,2025,4,17043691.7,14112490.48,0.8280184087113006
Telangana,Hyderabad,2025,5,17042769.79,15801689.93,0.9271785117505833
Telangana,Hyderabad,2025,6,13768214.89,12339225.92,0.8962110207157
Telangana,Hyderabad,2025,7,19990153.01,18390497.98,0.9199778496342784
Telangana,Hyderabad,2025,8,19117792.71,17260347.89,0.9028420880916644
Telangana,Hyderabad,2025,9,17734228.22,14071027.76,0.7934389692882841
Telangana,Hyderabad,2025,10,20171721.63,19213614.34,0.9525024533069566
Telangana,Hyderabad,2025,11,19806488.44,15948978.31,0.8052400786900921
Telangana,Hyderabad,2025,12,8913931.45,7081983.62,0.7944848644758201
Telangana,Hyderabad,2026,1,6568313.95,5964035.97,0.9080010510155349
Telangana,Hyderabad,2026,2,11442206.91,10853283.3,0.9485305925131187
Telangana,Hyderabad,2026,3,12201067.74,9597355.15,0.786599611977894
Telangana,Hyderabad,2026,4,11428566.51,10930633.44,0.9564308376239217
Telangana,Hyderabad,2026,5,10755914.13,9106200.07,0.8466226077987478
Telangana,Hyderabad,2026,6,10423783.7,8847257.18,0.8487567887656764
Telangana,Hyderabad,2026,7,12882508.3,11641514.5,0.9036683096877958
Telangana,Hyderabad,2026,8,13008991.23,9726222.01,0.7476538217329554
Telangana,Hyderabad,2026,9,19125390.63,16915788.9,0.8844676287796167
Telangana,Hyderabad,2026,10,16229066.89,14678890.5,0.904481483716406
Telangana,Hyderabad,2026,11,20256865.28,15677478.7,0.7739340950980544
Telangana,Hyderabad,2026,12,7063256.56,6199399.64,0.8776970774511976
Telangana,Hyderabad,2027,1,19516573.11,16641499.9,0.8526855512084315
Telangana,Hyderabad,2027,2,12193469.3,10482537.62,0.8596845870600583
Telangana,Hyderabad,2027,3,11235428.35,9510955.22,0.8465146965224518
Telangana,Hyderabad,2027,4,18177806.91,13108196.29,0.7211098871772536
Telangana,Hyderabad,2027,5,7585863.49,6881648.42,0.9071674475913881
Telangana,Hyderabad,2027,6,9822044.47,8216793.65,0.8365665290049333
Telangana,Hyderabad,2027,7,9636153.46,7652820.1,0.79417789803443
Telangana,Hyderabad,2027,8,9207050.45,7429435.13,0.8069289041421512
Telangana,Hyderabad,2027,9,18271706.03,15853595.84,0.8676582150550284
Telangana,Hyderabad,2027,10,9748433.63,7935682.9,0.814046974231695
Telangana,Hyderabad,2027,11,17724874.69,17418293.72,0.9827033490864131
Telangana,Hyderabad,2027,12,10502857.96,7368214.82,0.7015437938951238
Uttar Pradesh,Lucknow,2025,1,14723413.3,13739900.7,0.9332007748502176
Uttar Pradesh,Lucknow,2025,2,9028538.95,7708145.92,0.8537534104562954
Uttar Pradesh,Lucknow,2025,3,15831480.56,13835252.7,0.8739076959710456
Uttar Pradesh,Lucknow,2025,4,5681784.2,4659930.15,0.8201526115687393
Uttar Pradesh,Lucknow,2025,5,6833667.14,5849890.94,0.8560397836409692
Uttar Pradesh,Lucknow,2025,6,7239981.71,6155146.45,0.8501604971595985
Uttar Pradesh,Lucknow,2025,7,11177644.54,9389208.68,0.839998860797554
Uttar Pradesh,Lucknow,2025,8,8990241.75,7801145.41,0.8677347758751871
Uttar Pradesh,Lucknow,2025,9,8600403.41,6736335.98,0.7832581402132159
Uttar Pradesh,Lucknow,2025,10,16470833.62,14868192.95,0.9026982661002679
Uttar Pradesh,Lucknow,2025,11,13581309.08,13445495.99,0.9900000000589045
Uttar Pradesh,Lucknow,2025,12,11642624.49,10211717.39,0.8770975477883853
Uttar Pradesh,Lucknow,2026,1,11480680.45,9574165.25,0.8339370903751616
Uttar Pradesh,Lucknow,2026,2,10230728.73,10128421.44,0.9899999997360891
Uttar Pradesh,Lucknow,2026,3,10976430.61,8662876.34,0.7892252634574802
Uttar Pradesh,Lucknow,2026,4,10311472.36,9108175.85,0.8833050734182446
Uttar Pradesh,Lucknow,2026,5,15459357.31,13502252.5,0.87340322299595
Uttar Pradesh,Lucknow,2026,6,10472115.18,8695295.05,0.8303284389582125
Uttar Pradesh,Lucknow,2026,7,9511708.86,8744456.88,0.9193360529329744
Uttar Pradesh,Lucknow,2026,8,9223423.8,7208894.84,0.7815855582825978
Uttar Pradesh,Lucknow,2026,9,6530950.83,5701385.15,0.8729793407432529
Uttar Pradesh,Lucknow,2026,10,6793430.22,6222993.8,0.9160311651806442
Uttar Pradesh,Lucknow,2026,11,9696927.68,7831734.8,0.8076511508024364
Uttar Pradesh,Lucknow,2026,12,9273125.73,7963577.85,0.8587803165696967
Uttar Pradesh,Lucknow,2027,1,5019035.52,4915335.97,0.979338749529312
Uttar Pradesh,Lucknow,2027,2,14058037.46,11207911.61,0.7972600472783203
Uttar Pradesh,Lucknow,2027,3,11394076.17,9651442.22,0.847057898859035
Uttar Pradesh,Lucknow,2027,4,7655461.53,6916181.61,0.9034310449993209
Uttar Pradesh,Lucknow,2027,5,12678146.41,9877168.32,0.7790703783172355
Uttar Pradesh,Lucknow,2027,6,16080224.14,14572771.83,0.9062542725228455
Uttar Pradesh,Lucknow,2027,7,5588120.78,4632578.34,0.8290046909114945
Uttar Pradesh,Lucknow,2027,8,14127893.78,11830829.17,0.8374092666769752
Uttar Pradesh,Lucknow,2027,9,6121645.61,5485477.15,0.8960788486414848
Uttar Pradesh,Lucknow,2027,10,15818739.76,13915718.06,0.8796982737643824
Uttar Pradesh,Lucknow,2027,11,8257327.52,7346656.24,0.8897135571049749
Uttar Pradesh,Lucknow,2027,12,16215972.91,14017238.48,0.8644093424302595
Uttar Pradesh,Noida,2025,1,14720555.52,12445942.79,0.8454805100996623
Uttar Pradesh,Noida,2025,2,20157216.52,16505278.36,0.8188272593898793
Uttar Pradesh,Noida,2025,3,20405940.58,16346398.61,0.8010607766848649
Uttar Pradesh,Noida,2025,4,12945509.11,8921941.2,0.689191991152212
Uttar Pradesh,Noida,2025,5,8408069.5,7781199.32,0.9254442199841474
Uttar Pradesh,Noida,2025,6,23333084.9,18869324.96,0.8086939657087522
Uttar Pradesh,Noida,2025,7,12148323.07,10286160.68,0.8467144494536396
Uttar Pradesh,Noida,2025,8,14318022.08,12969209.47,0.9057961635717774
Uttar Pradesh,Noida,2025,9,19057624.08,16502664.8,0.8659350573148676
Uttar Pradesh,Noida,2025,10,8321741.14,7504620.39,0.9018089200020466
Uttar Pradesh,Noida,2025,11,11081292.94,9492392.23,0.8566141407322097
Uttar Pradesh,Noida,2025,12,9158563.69,7199875.5,0.7861358771639443
Uttar Pradesh,Noida,2026,1,15925167.11,14399359.75,0.9041889262787146
Uttar Pradesh,Noida,2026,2,8110246.37,7236394.24,0.8922533188100918
Uttar Pradesh,Noida,2026,3,17232987.14,13498358.81,0.7832860722485283
Uttar Pradesh,Noida,2026,4,18705683.89,15441776.72,0.8255125453207902
Uttar Pradesh,Noida,2026,5,21481151.25,17951750.76,0.835697796224958
Uttar Pradesh,Noida,2026,6,22899229.61,22629034.48,0.9882006890798629
Uttar Pradesh,Noida,2026,7,15270795.09,12867851.15,0.8426444775247128
Uttar Pradesh,Noida,2026,8,10728421.94,8187613.61,0.7631703577460154
Uttar Pradesh,Noida,2026,9,20468656.59,15046866.6,0.7351174481744529
Uttar Pradesh,Noida,2026,10,16601275.34,12830365.55,0.7728542107295716
Uttar Pradesh,Noida,2026,11,13250424.6,12428226.89,0.9379493310727568
Uttar Pradesh,Noida,2026,12,9547048.86,8274470.2,0.8667044990906227
Uttar Pradesh,Noida,2027,1,10579268.22,8164044.14,0.7717021603220113
Uttar Pradesh,Noida,2027,2,14839739.04,13603015.57,0.9166613734469014
Uttar Pradesh,Noida,2027,3,8000844.95,6289007.88,0.7860429641246828
Uttar Pradesh,Noida,2027,4,21591699.2,18044763.64,0.8357268908229326
Uttar Pradesh,Noida,2027,5,15315305.04,12167836.05,0.7944886515952804
Uttar Pradesh,Noida,2027,6,21267685.53,18189045.83,0.8552433128815403
Uttar Pradesh,Noida,2027,7,22623781.26,21307436.25,0.9418158708806398
Uttar Pradesh,Noida,2027,8,15719813.39,12470439.77,0.7932943897370273
Uttar Pradesh,Noida,2027,9,18106581.5,17700306.79,0.9775620422883248
Uttar Pradesh,Noida,2027,10,20107730.89,16836988.32,0.8373390519351634
Uttar Pradesh,Noida,2027,11,7326590.38,6741415.85,0.9201300332556601
Uttar Pradesh,Noida,2027,12,16217793.24,13113940.61,0.8086143666978948
West Bengal,Kolkata,2025,1,3202926.06,3014138.52,0.9410577901383087
West Bengal,Kolkata,2025,2,4428910.57,4036745.89,0.911453466083421
West Bengal,Kolkata,2025,3,3138067.87,2822081.28,0.8993053677962675
West Bengal,Kolkata,2025,4,8442469.67,7250130.75,0.8587689424296149
West Bengal,Kolkata,2025,5,3735721.17,2919604.8,0.781537129549741
West Bengal,Kolkata,2025,6,9222926.84,7865522.13,0.8528227824476595
West Bengal,Kolkata,2025,7,8744730.06,7971745.63,0.9116056842582514
West Bengal,Kolkata,2025,8,7774393.65,6228209.44,0.8011183534551277
West Bengal,Kolkata,2025,9,8336743.85,7746577.39,0.929208996867524
West Bengal,Kolkata,2025,10,3917024.38,3384855.97,0.8641396227408725
West Bengal,Kolkata,2025,11,5004174.0,4487249.68,0.8967013696965772
West Bengal,Kolkata,2025,12,9946710.39,8240774.22,0.8284924258260222
West Bengal,Kolkata,2026,1,3950422.5,3185363.37,0.8063348591194993
West Bengal,Kolkata,2026,2,9563726.48,7932011.96,0.8293850704103365
West Bengal,Kolkata,2026,3,5711106.03,5391584.2,0.9440525480841055
West Bengal,Kolkata,2026,4,5229115.35,3984510.88,0.7619856540361077
West Bengal,Kolkata,2026,5,5013323.97,3410397.56,0.6802667412694656
West Bengal,Kolkata,2026,6,8500644.17,7860564.15,0.9247021746588412
West Bengal,Kolkata,2026,7,5062230.61,3749968.69,0.7407739747360106
West Bengal,Kolkata,2026,8,10049902.1,8621381.44,0.8578572561418285
West Bengal,Kolkata,2026,9,5143995.65,3950449.35,0.7679729180952942
West Bengal,Kolkata,2026,10,3871468.24,3099772.13,0.8006709439000848
West Bengal,Kolkata,2026,11,6185455.47,4814768.03,0.7784015345922457
West Bengal,Kolkata,2026,12,6745155.73,6244410.64,0.925762264053761
West Bengal,Kolkata,2027,1,9973622.66,8993150.61,0.901693488572386
West Bengal,Kolkata,2027,2,7640136.72,6018973.34,0.7878096375217746
West Bengal,Kolkata,2027,3,6694135.22,6233289.92,0.9311568582267151
West Bengal,Kolkata,2027,4,8752809.78,7237925.37,0.8269259302925238
West Bengal,Kolkata,2027,5,8863609.8,8089595.95,0.9126750988068089
West Bengal,Kolkata,2027,6,8541027.77,6662167.75,0.7800194460672033
West Bengal,Kolkata,2027,7,3918552.37,3158930.2,0.806147245647249
West Bengal,Kolkata,2027,8,6298952.42,5662493.16,0.898957919101094
West Bengal,Kolkata,2027,9,6173881.64,4872000.5,0.7891308554467202
West Bengal,Kolkata,2027,10,9123380.8,7518474.15,0.8240886043033521
West Bengal,Kolkata,2027,11,8225884.77,7741652.33,0.9411330873772987
West Bengal,Kolkata,2027,12,7233774.11,6509315.05,0.8998504723836337
