Year,Month,BudgetID,CityID,BudgetAllocated,BudgetUtilized,City,State
2025,1,1,1,7169039.21,5228291.33,New Delhi,Delhi
2025,2,2,1,10236095.58,8190191.27,New Delhi,Delhi
2025,3,3,1,7763117.23,6473308.33,New Delhi,Delhi
2025,4,4,1,11664194.95,10013433.07,New Delhi,Delhi
2025,5,5,1,13050915.77,11552931.67,New Delhi,Delhi
2025,6,6,1,9142394.91,6892812.73,New Delhi,Delhi
2025,7,7,1,17135439.9,15024411.07,New Delhi,Delhi
2025,8,8,1,8774641.43,7449575.26,New Delhi,Delhi
2025,9,9,1,8805944.57,7471325.5,New Delhi,Delhi
2025,10,10,1,7788903.84,7135295.62,New Delhi,Delhi
2025,11,11,1,10531270.9,9234037.88,New Delhi,Delhi
2025,12,12,1,8659940.19,7109274.27,New Delhi,Delhi
2025,1,13,2,5300814.87,4772542.55,Mumbai,Maharashtra
2025,2,14,2,4540310.8,3551297.93,Mumbai,Maharashtra
2025,3,15,2,3116070.83,2905542.74,Mumbai,Maharashtra
2025,4,16,2,4026760.58,3246958.41,Mumbai,Maharashtra
2025,5,17,2,2184598.28,2065986.58,Mumbai,Maharashtra
2025,6,18,2,5824574.74,4924756.83,Mumbai,Maharashtra
2025,7,19,2,2755921.14,2464184.06,Mumbai,Maharashtra
2025,8,20,2,5466932.74,4699003.92,Mumbai,Maharashtra
2025,9,21,2,2587445.94,2322489.31,Mumbai,Maharashtra
2025,10,22,2,4764721.97,4578408.85,Mumbai,Maharashtra
2025,11,23,2,4985993.59,4168555.02,Mumbai,Maharashtra
2025,12,24,2,5375663.19,4708316.1,Mumbai,Maharashtra
2025,1,25,3,14259296.92,12925713.62,Pune,Maharashtra
2025,2,26,3,9472383.31,8445289.48,Pune,Maharashtra
2025,3,27,3,11281354.85,9915740.41,Pune,Maharashtra
2025,4,28,3,16278435.77,13197373.34,Pune,Maharashtra
2025,5,29,3,18392061.82,15903748.02,Pune,Maharashtra
2025,6,30,3,14817814.13,10798037.02,Pune,Maharashtra
2025,7,31,3,17876421.86,14645887.79,Pune,Maharashtra
2025,8,32,3,9532102.79,8459972.93,Pune,Maharashtra
2025,9,33,3,17286749.02,14689588.54,Pune,Maharashtra
2025,10,34,3,10458472.98,10147162.2,Pune,Maharashtra
2025,11,35,3,17235541.7,14993796.06,Pune,Maharashtra
2025,12,36,3,10326849.43,8413764.39,Pune,Maharashtra
2025,1,37,4,6853422.3,4777867.93,Bengaluru,Karnataka
2025,2,38,4,4252591.52,3591353.76,Bengaluru,Karnataka
2025,3,39,4,5748789.67,4890680.71,Bengaluru,Karnataka
2025,4,40,4,6310759.19,5589546.94,Bengaluru,Karnataka
2025,5,41,4,3631393.27,2776600.87,Bengaluru,Karnataka
2025,6,42,4,4592272.27,3670013.36,Bengaluru,Karnataka
2025,7,43,4,7358900.72,5745068.86,Bengaluru,Karnataka
2025,8,44,4,4232284.41,3392160.72,Bengaluru,Karnataka
2025,9,45,4,6621642.33,5464263.15,Bengaluru,Karnataka
2025,10,46,4,2980235.75,2486497.01,Bengaluru,Karnataka
2025,11,47,4,2643101.81,2374157.25,Bengaluru,Karnataka
2025,12,48,4,7065159.64,6125617.89,Bengaluru,Karnataka
2025,1,49,5,2724662.74,2111611.4,Mysuru,Karnataka
2025,2,50,5,5632480.14,4485731.18,Mysuru,Karnataka
2025,3,51,5,5355120.38,4959426.76,Mysuru,Karnataka
2025,4,52,5,5131951.73,4604095.76,Mysuru,Karnataka
2025,5,53,5,5638215.46,5102985.89,Mysuru,Karnataka
2025,6,54,5,5648431.71,4898076.13,Mysuru,Karnataka
2025,7,55,5,5007457.43,4258748.71,Mysuru,Karnataka
2025,8,56,5,3038595.31,2485615.65,Mysuru,Karnataka
2025,9,57,5,5669577.85,5122568.1,Mysuru,Karnataka
2025,10,58,5,4836451.41,4680043.86,Mysuru,Karnataka
2025,11,59,5,3050011.33,2487843.34,Mysuru,Karnataka
2025,12,60,5,5728835.17,5382548.92,Mysuru,Karnataka
2025,1,61,6,9997367.73,6597590.94,Chennai,Tamil Nadu
2025,2,62,6,12171069.09,10813512.31,Chennai,Tamil Nadu
2025,3,63,6,15593189.38,12908584.0,Chennai,Tamil Nadu
2025,4,64,6,14552692.57,13480391.38,Chennai,Tamil Nadu
2025,5,65,6,10673123.79,10039235.14,Chennai,Tamil Nadu
2025,6,66,6,18561534.32,15157015.92,Chennai,Tamil Nadu
2025,7,67,6,16057959.3,12184118.93,Chennai,Tamil Nadu
2025,8,68,6,18331151.23,14141830.66,Chennai,Tamil Nadu
2025,9,69,6,7430264.77,5860157.83,Chennai,Tamil Nadu
2025,10,70,6,10619492.71,9692723.4,Chennai,Tamil Nadu
2025,11,71,6,14320837.54,11440683.14,Chennai,Tamil Nadu
2025,12,72,6,10704164.25,9268447.01,Chennai,Tamil Nadu
2025,1,73,7,13076076.95,11993256.24,Coimbatore,Tamil Nadu
2025,2,74,7,12658335.38,11490098.39,Coimbatore,Tamil Nadu
2025,3,75,7,15751656.96,13679151.79,Coimbatore,Tamil Nadu
2025,4,76,7,11963478.92,10999073.55,Coimbatore,Tamil Nadu
2025,5,77,7,13536954.78,11949466.78,Coimbatore,Tamil Nadu
2025,6,78,7,6802933.4,5938611.19,Coimbatore,Tamil Nadu
2025,7,79,7,10821894.16,8728348.41,Coimbatore,Tamil Nadu
2025,8,80,7,7706025.07,6514854.59,Coimbatore,Tamil Nadu
2025,9,81,7,9202217.24,7845802.46,Coimbatore,Tamil Nadu
2025,10,82,7,11175251.64,8894198.62,Coimbatore,Tamil Nadu
2025,11,83,7,15011648.9,14701428.18,Coimbatore,Tamil Nadu
2025,12,84,7,8103186.43,7381265.66,Coimbatore,Tamil Nadu
2025,1,85,8,14723413.3,13739900.7,Lucknow,Uttar Pradesh
2025,2,86,8,9028538.95,7708145.92,Lucknow,Uttar Pradesh
2025,3,87,8,15831480.56,13835252.7,Lucknow,Uttar Pradesh
2025,4,88,8,5681784.2,4659930.15,Lucknow,Uttar Pradesh
2025,5,89,8,6833667.14,5849890.94,Lucknow,Uttar Pradesh
2025,6,90,8,7239981.71,6155146.45,Lucknow,Uttar Pradesh
2025,7,91,8,11177644.54,9389208.68,Lucknow,Uttar Pradesh
2025,8,92,8,8990241.75,7801145.41,Lucknow,Uttar Pradesh
2025,9,93,8,8600403.41,6736335.98,Lucknow,Uttar Pradesh
2025,10,94,8,16470833.62,14868192.95,Lucknow,Uttar Pradesh
2025,11,95,8,13581309.08,13445495.99,Lucknow,Uttar Pradesh
2025,12,96,8,11642624.49,10211717.39,Lucknow,Uttar Pradesh
2025,1,97,9,14720555.52,12445942.79,Noida,Uttar Pradesh
2025,2,98,9,20157216.52,16505278.36,Noida,Uttar Pradesh
2025,3,99,9,20405940.58,16346398.61,Noida,Uttar Pradesh
2025,4,100,9,12945509.11,8921941.2,Noida,Uttar Pradesh
2025,5,101,9,8408069.5,7781199.32,Noida,Uttar Pradesh
2025,6,102,9,23333084.9,18869324.96,Noida,Uttar Pradesh
2025,7,103,9,12148323.07,10286160.68,Noida,Uttar Pradesh
2025,8,104,9,14318022.08,12969209.47,Noida,Uttar Pradesh
2025,9,105,9,19057624.08,16502664.8,Noida,Uttar Pradesh
2025,10,106,9,8321741.14,7504620.39,Noida,Uttar Pradesh
2025,11,107,9,11081292.94,9492392.23,Noida,Uttar Pradesh
2025,12,108,9,9158563.69,7199875.5,Noida,Uttar Pradesh
2025,1,109,10,3202926.06,3014138.52,Kolkata,West Bengal
2025,2,110,10,4428910.57,4036745.89,Kolkata,West Bengal
2025,3,111,10,3138067.87,2822081.28,Kolkata,West Bengal
2025,4,112,10,8442469.67,7250130.75,Kolkata,West Bengal
2025,5,113,10,3735721.17,2919604.8,Kolkata,West Bengal
2025,6,114,10,9222926.84,7865522.13,Kolkata,West Bengal
2025,7,115,10,8744730.06,7971745.63,Kolkata,West Bengal
2025,8,116,10,7774393.65,6228209.44,Kolkata,West Bengal
2025,9,117,10,8336743.85,7746577.39,Kolkata,West Bengal
2025,10,118,10,3917024.38,3384855.97,Kolkata,West Bengal
2025,11,119,10,5004174.0,4487249.68,Kolkata,West Bengal
2025,12,120,10,9946710.39,8240774.22,Kolkata,West Bengal
2025,1,121,11,20242447.86,18263464.97,Hyderabad,Telangana
2025,2,122,11,17354668.52,16625149.16,Hyderabad,Telangana
2025,3,123,11,6245393.03,5434659.44,Hyderabad,Telangana
2025,4,124,11,17043691.7,14112490.48,Hyderabad,Telangana
2025,5,125,11,17042769.79,15801689.93,Hyderabad,Telangana
2025,6,126,11,13768214.89,12339225.92,Hyderabad,Telangana
2025,7,127,11,19990153.01,18390497.98,Hyderabad,Telangana
2025,8,128,11,19117792.71,17260347.89,Hyderabad,Telangana
2025,9,129,11,17734228.22,14071027.76,Hyderabad,Telangana
2025,10,130,11,20171721.63,19213614.34,Hyderabad,Telangana
2025,11,131,11,19806488.44,15948978.31,Hyderabad,Telangana
2025,12,132,11,8913931.45,7081983.62,Hyderabad,Telangana
2025,1,133,12,6024028.8,4895902.76,Ahmedabad,Gujarat
2025,2,134,12,5244129.22,4805805.37,Ahmedabad,Gujarat
2025,3,135,12,3753228.08,3349961.77,Ahmedabad,Gujarat
2025,4,136,12,6137888.31,5228652.31,Ahmedabad,Gujarat
2025,5,137,12,8764701.36,8103369.22,Ahmedabad,Gujarat
2025,6,138,12,4953840.52,4318795.54,Ahmedabad,Gujarat
2025,7,139,12,4856654.55,4395862.18,Ahmedabad,Gujarat
2025,8,140,12,2707364.8,2451181.83,Ahmedabad,Gujarat
2025,9,141,12,3200450.77,2807202.33,Ahmedabad,Gujarat
2025,10,142,12,5508875.08,4766511.69,Ahmedabad,Gujarat
2025,11,143,12,4918009.32,4369094.69,Ahmedabad,Gujarat
2025,12,144,12,5492234.13,4588133.47,Ahmedabad,Gujarat
2025,1,145,13,4996291.95,3822027.34,Surat,Gujarat
2025,2,146,13,13597165.75,12585273.43,Surat,Gujarat
2025,3,147,13,6079492.33,4981686.0,Surat,Gujarat
2025,4,148,13,11046527.73,9562702.35,Surat,Gujarat
2025,5,149,13,7785530.65,7048773.14,Surat,Gujarat
2025,6,150,13,12645410.37,12330686.8,Surat,Gujarat
2025,7,151,13,12394292.03,11548374.25,Surat,Gujarat
2025,8,152,13,10134650.76,8282146.35,Surat,Gujarat
2025,9,153,13,13917428.62,11336037.92,Surat,Gujarat
2025,10,154,13,10814174.11,10031010.0,Surat,Gujarat
2025,11,155,13,12626292.06,9372357.22,Surat,Gujarat
2025,12,156,13,13847310.79,11827532.17,Surat,Gujarat
2025,1,157,14,11220758.68,9679619.06,Jaipur,Rajasthan
2025,2,158,14,5709036.83,5118029.11,Jaipur,Rajasthan
2025,3,159,14,9918062.2,8376199.09,Jaipur,Rajasthan
2025,4,160,14,10914121.74,9557798.93,Jaipur,Rajasthan
2025,5,161,14,7050408.29,5521835.92,Jaipur,Rajasthan
2025,6,162,14,9990189.39,8375156.59,Jaipur,Rajasthan
2025,7,163,14,10986514.6,9730448.39,Jaipur,Rajasthan
2025,8,164,14,12349238.74,11459574.98,Jaipur,Rajasthan
2025,9,165,14,8869736.57,6948872.96,Jaipur,Rajasthan
2025,10,166,14,6926691.3,5838648.92,Jaipur,Rajasthan
2025,11,167,14,4488308.58,4202264.79,Jaipur,Rajasthan
2025,12,168,14,13933265.32,12830138.99,Jaipur,Rajasthan
2025,1,169,15,4322635.81,3889020.52,Kochi,Kerala
2025,2,170,15,4321081.03,3817862.11,Kochi,Kerala
2025,3,171,15,4633643.44,3968024.17,Kochi,Kerala
2025,4,172,15,3713478.05,3085353.25,Kochi,Kerala
2025,5,173,15,1998863.97,1573762.12,Kochi,Kerala
2025,6,174,15,4576977.42,4394884.18,Kochi,Kerala
2025,7,175,15,4378522.34,3664764.06,Kochi,Kerala
2025,8,176,15,5881431.95,5364180.75,Kochi,Kerala
2025,9,177,15,5793345.82,4692211.37,Kochi,Kerala
2025,10,178,15,3809648.68,2681675.88,Kochi,Kerala
2025,11,179,15,2374482.65,1945333.73,Kochi,Kerala
2025,12,180,15,2566040.74,1971538.91,Kochi,Kerala
2025,1,181,16,4739637.54,3818519.92,Indore,Madhya Pradesh
2025,2,182,16,4723077.76,4547608.59,Indore,Madhya Pradesh
2025,3,183,16,4262788.04,3290969.13,Indore,Madhya Pradesh
2025,4,184,16,2335612.36,1760490.29,Indore,Madhya Pradesh
2025,5,185,16,5043949.15,4411034.39,Indore,Madhya Pradesh
2025,6,186,16,5097384.18,4240870.57,Indore,Madhya Pradesh
2025,7,187,16,3412389.62,2770792.77,Indore,Madhya Pradesh
2025,8,188,16,2532447.02,2041717.61,Indore,Madhya Pradesh
2025,9,189,16,3081378.3,2632594.92,Indore,Madhya Pradesh
2025,10,190,16,5368703.13,4177141.63,Indore,Madhya Pradesh
2025,11,191,16,2084560.42,1657987.98,Indore,Madhya Pradesh
2025,12,192,16,2071348.81,1877952.29,Indore,Madhya Pradesh
2025,1,193,17,2992385.91,2625979.28,Ludhiana,Punjab
2025,2,194,17,4430923.42,3808458.67,Ludhiana,Punjab
2025,3,195,17,3413987.77,3103944.0,Ludhiana,Punjab
2025,4,196,17,5618167.59,4630129.22,Ludhiana,Punjab
2025,5,197,17,5310542.81,4434697.94,Ludhiana,Punjab
2025,6,198,17,3195351.02,2620639.84,Ludhiana,Punjab
2025,7,199,17,2547218.45,2174595.62,Ludhiana,Punjab
2025,8,200,17,3412020.76,2885605.0,Ludhiana,Punjab
2025,9,201,17,2469407.74,2222019.74,Ludhiana,Punjab
2025,10,202,17,3540660.16,3211135.61,Ludhiana,Punjab
2025,11,203,17,3982943.93,3348114.62,Ludhiana,Punjab
2025,12,204,17,2683129.47,2518922.99,Ludhiana,Punjab
2025,1,205,18,10555740.47,9147668.12,Gurugram,Haryana
2025,2,206,18,5944897.1,5700101.42,Gurugram,Haryana
2025,3,207,18,10841968.84,9602434.83,Gurugram,Haryana
2025,4,208,18,14231089.14,12522669.11,Gurugram,Haryana
2025,5,209,18,12889784.47,12109900.69,Gurugram,Haryana
2025,6,210,18,16443147.6,11964344.81,Gurugram,Haryana
2025,7,211,18,15974332.72,15395264.79,Gurugram,Haryana
2025,8,212,18,13578849.73,10845468.46,Gurugram,Haryana
2025,9,213,18,5065677.68,3811312.17,Gurugram,Haryana
2025,10,214,18,12120781.3,9605720.64,Gurugram,Haryana
2025,11,215,18,10195074.21,8268257.53,Gurugram,Haryana
2025,12,216,18,6820872.64,5499583.23,Gurugram,Haryana
2025,1,217,19,12055145.21,9676239.85,Patna,Bihar
2025,2,218,19,5516824.31,4409193.11,Patna,Bihar
2025,3,219,19,13067397.67,11425088.99,Patna,Bihar
2025,4,220,19,7102410.37,5250563.37,Patna,Bihar
2025,5,221,19,6400299.91,5255925.91,Patna,Bihar
2025,6,222,19,10696191.9,8541116.12,Patna,Bihar
2025,7,223,19,7123297.24,5990486.82,Patna,Bihar
2025,8,224,19,5188042.43,3555941.87,Patna,Bihar
2025,9,225,19,9642821.95,8259072.99,Patna,Bihar
2025,10,226,19,8471342.94,6917674.75,Patna,Bihar
2025,11,227,19,11856203.34,10006674.6,Patna,Bihar
2025,12,228,19,5962747.47,4834539.16,Patna,Bihar
2025,1,229,20,11868123.62,10630848.24,Guwahati,Assam
2025,2,230,20,9754043.57,8472128.24,Guwahati,Assam
2025,3,231,20,14957396.52,12231005.48,Guwahati,Assam
2025,4,232,20,14183457.09,12313882.94,Guwahati,Assam
2025,5,233,20,9329138.77,7860201.06,Guwahati,Assam
2025,6,234,20,12599047.16,11800085.31,Guwahati,Assam
2025,7,235,20,13780854.78,10951770.68,Guwahati,Assam
2025,8,236,20,17245899.53,13821830.29,Guwahati,Assam
2025,9,237,20,21617400.26,16878035.67,Guwahati,Assam
2025,10,238,20,7822194.21,6637023.78,Guwahati,Assam
2025,11,239,20,16869899.18,15074341.29,Guwahati,Assam
2025,12,240,20,12040283.28,9801668.82,Guwahati,Assam
2026,1,241,1,5296310.17,4700388.24,New Delhi,Delhi
2026,2,242,1,8600583.71,8006145.57,New Delhi,Delhi
2026,3,243,1,16075257.98,11806477.45,New Delhi,Delhi
2026,4,244,1,5342214.97,5218214.44,New Delhi,Delhi
2026,5,245,1,10925627.43,9201953.3,New Delhi,Delhi
2026,6,246,1,14898707.34,11091623.2,New Delhi,Delhi
2026,7,247,1,9403718.26,8764760.04,New Delhi,Delhi
2026,8,248,1,6646750.8,5844119.8,New Delhi,Delhi
2026,9,249,1,14963568.59,11761094.89,New Delhi,Delhi
2026,10,250,1,6594292.49,5978659.37,New Delhi,Delhi
2026,11,251,1,12171900.12,9639075.97,New Delhi,Delhi
2026,12,252,1,12310418.34,9795821.26,New Delhi,Delhi
2026,1,253,2,3075323.98,2565527.11,Mumbai,Maharashtra
2026,2,254,2,4113177.93,3430509.17,Mumbai,Maharashtra
2026,3,255,2,5063645.05,3867064.75,Mumbai,Maharashtra
2026,4,256,2,3443619.43,3073907.86,Mumbai,Maharashtra
2026,5,257,2,3791195.98,3131439.84,Mumbai,Maharashtra
2026,6,258,2,5389857.34,4612877.81,Mumbai,Maharashtra
2026,7,259,2,4476566.4,3962466.62,Mumbai,Maharashtra
2026,8,260,2,2958360.52,2768933.57,Mumbai,Maharashtra
2026,9,261,2,3382939.67,2905413.01,Mumbai,Maharashtra
2026,10,262,2,3214781.89,2666185.77,Mumbai,Maharashtra
2026,11,263,2,4575844.83,3572168.38,Mumbai,Maharashtra
2026,12,264,2,3426444.33,2725034.92,Mumbai,Maharashtra
2026,1,265,3,15179921.11,13794322.95,Pune,Maharashtra
2026,2,266,3,17734403.08,14998648.22,Pune,Maharashtra
2026,3,267,3,13018025.49,10283878.01,Pune,Maharashtra
2026,4,268,3,13345603.86,11858939.02,Pune,Maharashtra
2026,5,269,3,17433942.51,15293696.03,Pune,Maharashtra
2026,6,270,3,10698787.5,10079579.04,Pune,Maharashtra
2026,7,271,3,16274861.14,13400851.73,Pune,Maharashtra
2026,8,272,3,17616903.94,14838091.48,Pune,Maharashtra
2026,9,273,3,17428287.31,15010785.31,Pune,Maharashtra
2026,10,274,3,17579094.13,15834980.81,Pune,Maharashtra
2026,11,275,3,6114385.15,5390386.21,Pune,Maharashtra
2026,12,276,3,7437864.62,5876776.23,Pune,Maharashtra
2026,1,277,4,4614939.08,3671129.91,Bengaluru,Karnataka
2026,2,278,4,7570246.37,5836583.91,Bengaluru,Karnataka
2026,3,279,4,4224968.39,3969586.34,Bengaluru,Karnataka
2026,4,280,4,5769870.49,4996624.24,Bengaluru,Karnataka
2026,5,281,4,6173611.71,5199941.86,Bengaluru,Karnataka
2026,6,282,4,3519547.48,3003732.78,Bengaluru,Karnataka
2026,7,283,4,8101865.77,6966777.54,Bengaluru,Karnataka
2026,8,284,4,4374111.09,3857574.51,Bengaluru,Karnataka
2026,9,285,4,6672400.86,5965070.04,Bengaluru,Karnataka
2026,10,286,4,3638134.87,3259757.6,Bengaluru,Karnataka
2026,11,287,4,4377577.05,3838498.58,Bengaluru,Karnataka
2026,12,288,4,7200387.42,5909082.66,Bengaluru,Karnataka
2026,1,289,5,2376891.23,2124813.38,Mysuru,Karnataka
2026,2,290,5,4175961.72,3627543.78,Mysuru,Karnataka
2026,3,291,5,3087897.19,2736143.89,Mysuru,Karnataka
2026,4,292,5,3774702.11,3309879.12,Mysuru,Karnataka
2026,5,293,5,5575318.33,4074386.75,Mysuru,Karnataka
2026,6,294,5,5814187.16,5532486.26,Mysuru,Karnataka
2026,7,295,5,4377640.5,3469150.16,Mysuru,Karnataka
2026,8,296,5,2729822.93,2371083.9,Mysuru,Karnataka
2026,9,297,5,3001376.78,2256003.52,Mysuru,Karnataka
2026,10,298,5,1827530.64,1470171.98,Mysuru,Karnataka
2026,11,299,5,2200040.95,1935279.39,Mysuru,Karnataka
2026,12,300,5,5390369.93,3905621.77,Mysuru,Karnataka
2026,1,301,6,17817081.57,14550170.31,Chennai,Tamil Nadu
2026,2,302,6,16041097.64,11703932.69,Chennai,Tamil Nadu
2026,3,303,6,8720117.37,8244243.95,Chennai,Tamil Nadu
2026,4,304,6,17047374.84,14024422.86,Chennai,Tamil Nadu
2026,5,305,6,12980150.51,12186887.04,Chennai,Tamil Nadu
2026,6,306,6,7519776.6,7015521.74,Chennai,Tamil Nadu
2026,7,307,6,13417346.87,10716188.57,Chennai,Tamil Nadu
2026,8,308,6,16521706.95,14040162.21,Chennai,Tamil Nadu
2026,9,309,6,11508400.99,9005588.16,Chennai,Tamil Nadu
2026,10,310,6,7874399.3,6966979.77,Chennai,Tamil Nadu
2026,11,311,6,16856727.3,15859545.14,Chennai,Tamil Nadu
2026,12,312,6,17031264.53,12824494.12,Chennai,Tamil Nadu
2026,1,313,7,11825862.09,9592102.75,Coimbatore,Tamil Nadu
2026,2,314,7,6181684.69,4805386.53,Coimbatore,Tamil Nadu
2026,3,315,7,12796868.96,11662113.81,Coimbatore,Tamil Nadu
2026,4,316,7,12006156.36,10660623.8,Coimbatore,Tamil Nadu
2026,5,317,7,13863388.26,12565144.91,Coimbatore,Tamil Nadu
2026,6,318,7,12104269.55,11369345.97,Coimbatore,Tamil Nadu
2026,7,319,7,4996146.66,4699078.62,Coimbatore,Tamil Nadu
2026,8,320,7,15564676.39,13687362.71,Coimbatore,Tamil Nadu
2026,9,321,7,9598452.91,7615906.74,Coimbatore,Tamil Nadu
2026,10,322,7,7847969.66,6510538.84,Coimbatore,Tamil Nadu
2026,11,323,7,11332333.05,8606967.87,Coimbatore,Tamil Nadu
2026,12,324,7,6907036.77,5977365.18,Coimbatore,Tamil Nadu
2026,1,325,8,11480680.45,9574165.25,Lucknow,Uttar Pradesh
2026,2,326,8,10230728.73,10128421.44,Lucknow,Uttar Pradesh
2026,3,327,8,10976430.61,8662876.34,Lucknow,Uttar Pradesh
2026,4,328,8,10311472.36,9108175.85,Lucknow,Uttar Pradesh
2026,5,329,8,15459357.31,13502252.5,Lucknow,Uttar Pradesh
2026,6,330,8,10472115.18,8695295.05,Lucknow,Uttar Pradesh
2026,7,331,8,9511708.86,8744456.88,Lucknow,Uttar Pradesh
2026,8,332,8,9223423.8,7208894.84,Lucknow,Uttar Pradesh
2026,9,333,8,6530950.83,5701385.15,Lucknow,Uttar Pradesh
2026,10,334,8,6793430.22,6222993.8,Lucknow,Uttar Pradesh
2026,11,335,8,9696927.68,7831734.8,Lucknow,Uttar Pradesh
2026,12,336,8,9273125.73,7963577.85,Lucknow,Uttar Pradesh
2026,1,337,9,15925167.11,14399359.75,Noida,Uttar Pradesh
2026,2,338,9,8110246.37,7236394.24,Noida,Uttar Pradesh
2026,3,339,9,17232987.14,13498358.81,Noida,Uttar Pradesh
2026,4,340,9,18705683.89,15441776.72,Noida,Uttar Pradesh
2026,5,341,9,21481151.25,17951750.76,Noida,Uttar Pradesh
2026,6,342,9,22899229.61,22629034.48,Noida,Uttar Pradesh
2026,7,343,9,15270795.09,12867851.15,Noida,Uttar Pradesh
2026,8,344,9,10728421.94,8187613.61,Noida,Uttar Pradesh
2026,9,345,9,20468656.59,15046866.6,Noida,Uttar Pradesh
2026,10,346,9,16601275.34,12830365.55,Noida,Uttar Pradesh
2026,11,347,9,13250424.6,12428226.89,Noida,Uttar Pradesh
2026,12,348,9,9547048.86,8274470.2,Noida,Uttar Pradesh
2026,1,349,10,3950422.5,3185363.37,Kolkata,West Bengal
2026,2,350,10,9563726.48,7932011.96,Kolkata,West Bengal
2026,3,351,10,5711106.03,5391584.2,Kolkata,West Bengal
2026,4,352,10,5229115.35,3984510.88,Kolkata,West Bengal
2026,5,353,10,5013323.97,3410397.56,Kolkata,West Bengal
2026,6,354,10,8500644.17,7860564.15,Kolkata,West Bengal
2026,7,355,10,5062230.61,3749968.69,Kolkata,West Bengal
2026,8,356,10,10049902.1,8621381.44,Kolkata,West Bengal
2026,9,357,10,5143995.65,3950449.35,Kolkata,West Bengal
2026,10,358,10,3871468.24,3099772.13,Kolkata,West Bengal
2026,11,359,10,6185455.47,4814768.03,Kolkata,West Bengal
2026,12,360,10,6745155.73,6244410.64,Kolkata,West Bengal
2026,1,361,11,6568313.95,5964035.97,Hyderabad,Telangana
2026,2,362,11,11442206.91,10853283.3,Hyderabad,Telangana
2026,3,363,11,12201067.74,9597355.15,Hyderabad,Telangana
2026,4,364,11,11428566.51,10930633.44,Hyderabad,Telangana
2026,5,365,11,10755914.13,9106200.07,Hyderabad,Telangana
2026,6,366,11,10423783.7,8847257.18,Hyderabad,Telangana
2026,7,367,11,12882508.3,11641514.5,Hyderabad,Telangana
2026,8,368,11,13008991.23,9726222.01,Hyderabad,Telangana
2026,9,369,11,19125390.63,16915788.9,Hyderabad,Telangana
2026,10,370,11,16229066.89,14678890.5,Hyderabad,Telangana
2026,11,371,11,20256865.28,15677478.7,Hyderabad,Telangana
2026,12,372,11,7063256.56,6199399.64,Hyderabad,Telangana
2026,1,373,12,6538995.19,5570809.17,Ahmedabad,Gujarat
2026,2,374,12,8340524.34,6274660.81,Ahmedabad,Gujarat
2026,3,375,12,6820936.48,5609388.26,Ahmedabad,Gujarat
2026,4,376,12,3916045.96,3201167.37,Ahmedabad,Gujarat
2026,5,377,12,8315067.24,6415008.28,Ahmedabad,Gujarat
2026,6,378,12,4461975.71,4016919.07,Ahmedabad,Gujarat
2026,7,379,12,2712158.94,2528576.93,Ahmedabad,Gujarat
2026,8,380,12,7810272.79,5393151.57,Ahmedabad,Gujarat
2026,9,381,12,6378447.51,5924074.97,Ahmedabad,Gujarat
2026,10,382,12,6831016.67,5662588.4,Ahmedabad,Gujarat
2026,11,383,12,5012130.71,4233844.67,Ahmedabad,Gujarat
2026,12,384,12,8309001.24,7462971.0,Ahmedabad,Gujarat
2026,1,385,13,11258078.43,9222843.67,Surat,Gujarat
2026,2,386,13,13174422.55,11058634.08,Surat,Gujarat
2026,3,387,13,5663389.21,4569684.34,Surat,Gujarat
2026,4,388,13,5460115.17,4514540.72,Surat,Gujarat
2026,5,389,13,13004636.66,11513398.69,Surat,Gujarat
2026,6,390,13,12925529.58,11241892.06,Surat,Gujarat
2026,7,391,13,5454740.74,4480776.91,Surat,Gujarat
2026,8,392,13,11137163.8,9453024.3,Surat,Gujarat
2026,9,393,13,13301956.78,12400757.93,Surat,Gujarat
2026,10,394,13,10844638.76,9559620.21,Surat,Gujarat
2026,11,395,13,10285137.05,8216631.32,Surat,Gujarat
2026,12,396,13,9230492.21,7271704.53,Surat,Gujarat
2026,1,397,14,7598061.76,6729684.21,Jaipur,Rajasthan
2026,2,398,14,5619509.83,4811856.56,Jaipur,Rajasthan
2026,3,399,14,13466316.49,11005295.89,Jaipur,Rajasthan
2026,4,400,14,14487781.18,12273064.68,Jaipur,Rajasthan
2026,5,401,14,8168110.68,6426463.82,Jaipur,Rajasthan
2026,6,402,14,7159666.0,5907943.29,Jaipur,Rajasthan
2026,7,403,14,7999621.35,5423855.38,Jaipur,Rajasthan
2026,8,404,14,11417404.9,9115593.56,Jaipur,Rajasthan
2026,9,405,14,13097127.82,11793734.69,Jaipur,Rajasthan
2026,10,406,14,12534927.71,10717401.08,Jaipur,Rajasthan
2026,11,407,14,5293655.48,4128882.6,Jaipur,Rajasthan
2026,12,408,14,6955765.8,5443529.21,Jaipur,Rajasthan
2026,1,409,15,3896298.45,3347759.4,Kochi,Kerala
2026,2,410,15,4377456.17,3524053.45,Kochi,Kerala
2026,3,411,15,3484190.41,2874174.53,Kochi,Kerala
2026,4,412,15,3836029.93,3683856.04,Kochi,Kerala
2026,5,413,15,5164962.44,4551787.86,Kochi,Kerala
2026,6,414,15,4087579.02,3254756.2,Kochi,Kerala
2026,7,415,15,4931769.71,4533974.37,Kochi,Kerala
2026,8,416,15,2599998.27,2206604.06,Kochi,Kerala
2026,9,417,15,2504561.34,1982604.51,Kochi,Kerala
2026,10,418,15,5892728.17,5571499.34,Kochi,Kerala
2026,11,419,15,3414026.94,3031402.14,Kochi,Kerala
2026,12,420,15,5547649.53,4868181.52,Kochi,Kerala
2026,1,421,16,2416319.62,1906666.31,Indore,Madhya Pradesh
2026,2,422,16,4820350.1,3552170.1,Indore,Madhya Pradesh
2026,3,423,16,4966366.11,4213797.65,Indore,Madhya Pradesh
2026,4,424,16,2600456.75,2237489.0,Indore,Madhya Pradesh
2026,5,425,16,5315054.64,4886372.57,Indore,Madhya Pradesh
2026,6,426,16,2398441.34,2051642.17,Indore,Madhya Pradesh
2026,7,427,16,1752847.01,1387077.66,Indore,Madhya Pradesh
2026,8,428,16,4470981.81,3703284.05,Indore,Madhya Pradesh
2026,9,429,16,5351273.14,4735688.17,Indore,Madhya Pradesh
2026,10,430,16,2239250.77,2121562.33,Indore,Madhya Pradesh
2026,11,431,16,5305085.99,4745075.61,Indore,Madhya Pradesh
2026,12,432,16,3181075.31,3054377.97,Indore,Madhya Pradesh
2026,1,433,17,3596908.28,2919714.6,Ludhiana,Punjab
2026,2,434,17,2891788.59,2515142.29,Ludhiana,Punjab
2026,3,435,17,6017538.97,4956914.68,Ludhiana,Punjab
2026,4,436,17,4897517.71,4038467.6,Ludhiana,Punjab
2026,5,437,17,2548211.45,2335046.57,Ludhiana,Punjab
2026,6,438,17,3506786.65,3174563.63,Ludhiana,Punjab
2026,7,439,17,5781978.39,5464732.52,Ludhiana,Punjab
2026,8,440,17,5697770.0,4500021.22,Ludhiana,Punjab
2026,9,441,17,5141464.07,4370681.63,Ludhiana,Punjab
2026,10,442,17,4739994.1,3843784.99,Ludhiana,Punjab
2026,11,443,17,4373041.14,3865599.7,Ludhiana,Punjab
2026,12,444,17,2310768.73,1962851.59,Ludhiana,Punjab
2026,1,445,18,11407223.33,9254297.35,Gurugram,Haryana
2026,2,446,18,7725247.2,6622824.61,Gurugram,Haryana
2026,3,447,18,6641618.98,6153068.84,Gurugram,Haryana
2026,4,448,18,13846144.48,11222067.72,Gurugram,Haryana
2026,5,449,18,11454705.97,9586903.78,Gurugram,Haryana
2026,6,450,18,15556243.76,13993459.54,Gurugram,Haryana
2026,7,451,18,13352743.22,10733647.75,Gurugram,Haryana
2026,8,452,18,12705952.52,10376152.77,Gurugram,Haryana
2026,9,453,18,7737728.02,6546644.88,Gurugram,Haryana
2026,10,454,18,7655905.85,6491813.58,Gurugram,Haryana
2026,11,455,18,7956914.95,6733882.33,Gurugram,Haryana
2026,12,456,18,6415919.73,5103524.77,Gurugram,Haryana
2026,1,457,19,11775242.16,9073186.35,Patna,Bihar
2026,2,458,19,9653596.03,7504441.74,Patna,Bihar
2026,3,459,19,10163109.44,8456577.42,Patna,Bihar
2026,4,460,19,9849940.61,8086617.18,Patna,Bihar
2026,5,461,19,10119242.28,9172825.74,Patna,Bihar
2026,6,462,19,10204925.0,9351380.55,Patna,Bihar
2026,7,463,19,12853275.37,11883299.57,Patna,Bihar
2026,8,464,19,4940645.15,3603748.32,Patna,Bihar
2026,9,465,19,7321131.12,5159294.6,Patna,Bihar
2026,10,466,19,7712519.86,6599915.84,Patna,Bihar
2026,11,467,19,5947310.92,4814532.49,Patna,Bihar
2026,12,468,19,4984168.81,4252427.85,Patna,Bihar
2026,1,469,20,18586147.63,16425472.03,Guwahati,Assam
2026,2,470,20,11395524.69,8531668.83,Guwahati,Assam
2026,3,471,20,9087932.69,7337696.28,Guwahati,Assam
2026,4,472,20,16271033.58,13932878.71,Guwahati,Assam
2026,5,473,20,9850988.88,8604438.98,Guwahati,Assam
2026,6,474,20,13606304.2,12721273.11,Guwahati,Assam
2026,7,475,20,14318944.37,11817107.92,Guwahati,Assam
2026,8,476,20,19327197.34,16098407.42,Guwahati,Assam
2026,9,477,20,21681106.66,19362836.51,Guwahati,Assam
2026,10,478,20,10510935.82,9036366.01,Guwahati,Assam
2026,11,479,20,13168298.82,11380345.82,Guwahati,Assam
2026,12,480,20,8670194.25,7562130.03,Guwahati,Assam
2027,1,481,1,12539713.28,11518543.82,New Delhi,Delhi
2027,2,482,1,10047737.56,8485813.28,New Delhi,Delhi
2027,3,483,1,11880660.63,9199447.59,New Delhi,Delhi
2027,4,484,1,9381446.31,8021588.67,New Delhi,Delhi
2027,5,485,1,5208001.34,4656354.05,New Delhi,Delhi
2027,6,486,1,11756259.62,10721647.61,New Delhi,Delhi
2027,7,487,1,10042565.5,8551517.86,New Delhi,Delhi
2027,8,488,1,16751613.85,14556191.33,New Delhi,Delhi
2027,9,489,1,6975863.4,5554282.7,New Delhi,Delhi
2027,10,490,1,16252155.46,13104350.59,New Delhi,Delhi
2027,11,491,1,14433171.78,12004547.36,New Delhi,Delhi
2027,12,492,1,9151718.92,7221612.47,New Delhi,Delhi
2027,1,493,2,5591355.46,4841428.04,Mumbai,Maharashtra
2027,2,494,2,4394439.07,4055803.42,Mumbai,Maharashtra
2027,3,495,2,3483091.14,3198659.06,Mumbai,Maharashtra
2027,4,496,2,3822139.31,2848696.09,Mumbai,Maharashtra
2027,5,497,2,2194541.38,2172595.96,Mumbai,Maharashtra
2027,6,498,2,6084966.57,5565211.52,Mumbai,Maharashtra
2027,7,499,2,4006832.13,3561749.39,Mumbai,Maharashtra
2027,8,500,2,3280043.07,2765982.17,Mumbai,Maharashtra
2027,9,501,2,3242452.77,2590767.63,Mumbai,Maharashtra
2027,10,502,2,5003803.58,4380559.37,Mumbai,Maharashtra
2027,11,503,2,3905669.3,3445015.35,Mumbai,Maharashtra
2027,12,504,2,4683696.62,3628500.35,Mumbai,Maharashtra
2027,1,505,3,10785205.5,8734012.75,Pune,Maharashtra
2027,2,506,3,7575827.37,6024586.51,Pune,Maharashtra
2027,3,507,3,13039077.57,12457036.5,Pune,Maharashtra
2027,4,508,3,8310256.51,6430761.91,Pune,Maharashtra
2027,5,509,3,17344559.35,16345141.78,Pune,Maharashtra
2027,6,510,3,9718957.51,8493550.37,Pune,Maharashtra
2027,7,511,3,18873656.79,16059831.71,Pune,Maharashtra
2027,8,512,3,17288839.26,14083924.49,Pune,Maharashtra
2027,9,513,3,16027741.94,12258471.29,Pune,Maharashtra
2027,10,514,3,14572921.33,11660261.82,Pune,Maharashtra
2027,11,515,3,12682538.08,9518931.35,Pune,Maharashtra
2027,12,516,3,18556257.43,15890272.91,Pune,Maharashtra
2027,1,517,4,3819612.94,3335585.6,Bengaluru,Karnataka
2027,2,518,4,3909310.14,3380354.35,Bengaluru,Karnataka
2027,3,519,4,6550593.0,5410255.66,Bengaluru,Karnataka
2027,4,520,4,6024027.3,5377822.73,Bengaluru,Karnataka
2027,5,521,4,7721567.5,6952364.7,Bengaluru,Karnataka
2027,6,522,4,3106965.41,2735478.8,Bengaluru,Karnataka
2027,7,523,4,7319659.22,5708114.47,Bengaluru,Karnataka
2027,8,524,4,5558768.39,4835474.43,Bengaluru,Karnataka
2027,9,525,4,4128194.01,3477116.14,Bengaluru,Karnataka
2027,10,526,4,8154278.15,6357059.74,Bengaluru,Karnataka
2027,11,527,4,5814325.6,5617063.56,Bengaluru,Karnataka
2027,12,528,4,5705872.37,4584744.96,Bengaluru,Karnataka
2027,1,529,5,2931677.49,2566703.29,Mysuru,Karnataka
2027,2,530,5,5803983.53,4598620.99,Mysuru,Karnataka
2027,3,531,5,5660078.56,4213525.03,Mysuru,Karnataka
2027,4,532,5,3583404.08,2647016.8,Mysuru,Karnataka
2027,5,533,5,2252922.44,2021913.95,Mysuru,Karnataka
2027,6,534,5,2479597.42,2209721.77,Mysuru,Karnataka
2027,7,535,5,1990792.97,1519957.2,Mysuru,Karnataka
2027,8,536,5,2100946.43,1429417.77,Mysuru,Karnataka
2027,9,537,5,5005055.42,3765278.13,Mysuru,Karnataka
2027,10,538,5,3788276.67,3511560.68,Mysuru,Karnataka
2027,11,539,5,3660612.52,3066010.7,Mysuru,Karnataka
2027,12,540,5,3487629.83,2888900.63,Mysuru,Karnataka
2027,1,541,6,19045757.53,16329975.76,Chennai,Tamil Nadu
2027,2,542,6,15210662.76,13414514.09,Chennai,Tamil Nadu
2027,3,543,6,14226660.15,11153200.01,Chennai,Tamil Nadu
2027,4,544,6,11442123.2,10033604.41,Chennai,Tamil Nadu
2027,5,545,6,15780560.52,13826901.38,Chennai,Tamil Nadu
2027,6,546,6,13153881.04,11042327.05,Chennai,Tamil Nadu
2027,7,547,6,9271723.24,7849939.96,Chennai,Tamil Nadu
2027,8,548,6,12883479.37,10671468.62,Chennai,Tamil Nadu
2027,9,549,6,19126967.96,15772916.28,Chennai,Tamil Nadu
2027,10,550,6,19238161.87,15850549.06,Chennai,Tamil Nadu
2027,11,551,6,18758311.79,14898585.61,Chennai,Tamil Nadu
2027,12,552,6,12429281.72,11651279.13,Chennai,Tamil Nadu
2027,1,553,7,11137144.72,9363658.57,Coimbatore,Tamil Nadu
2027,2,554,7,12845168.34,10704116.4,Coimbatore,Tamil Nadu
2027,3,555,7,7474085.68,6094853.24,Coimbatore,Tamil Nadu
2027,4,556,7,14870207.38,12711869.38,Coimbatore,Tamil Nadu
2027,5,557,7,15153147.22,11256798.69,Coimbatore,Tamil Nadu
2027,6,558,7,15098983.87,13849771.35,Coimbatore,Tamil Nadu
2027,7,559,7,13576375.76,11944258.45,Coimbatore,Tamil Nadu
2027,8,560,7,13895499.55,11444735.1,Coimbatore,Tamil Nadu
2027,9,561,7,11511047.71,9576286.64,Coimbatore,Tamil Nadu
2027,10,562,7,8686927.69,6596186.43,Coimbatore,Tamil Nadu
2027,11,563,7,8992265.6,7578607.52,Coimbatore,Tamil Nadu
2027,12,564,7,5449659.83,4704206.84,Coimbatore,Tamil Nadu
2027,1,565,8,5019035.52,4915335.97,Lucknow,Uttar Pradesh
2027,2,566,8,14058037.46,11207911.61,Lucknow,Uttar Pradesh
2027,3,567,8,11394076.17,9651442.22,Lucknow,Uttar Pradesh
2027,4,568,8,7655461.53,6916181.61,Lucknow,Uttar Pradesh
2027,5,569,8,12678146.41,9877168.32,Lucknow,Uttar Pradesh
2027,6,570,8,16080224.14,14572771.83,Lucknow,Uttar Pradesh
2027,7,571,8,5588120.78,4632578.34,Lucknow,Uttar Pradesh
2027,8,572,8,14127893.78,11830829.17,Lucknow,Uttar Pradesh
2027,9,573,8,6121645.61,5485477.15,Lucknow,Uttar Pradesh
2027,10,574,8,15818739.76,13915718.06,Lucknow,Uttar Pradesh
2027,11,575,8,8257327.52,7346656.24,Lucknow,Uttar Pradesh
2027,12,576,8,16215972.91,14017238.48,Lucknow,Uttar Pradesh
2027,1,577,9,10579268.22,8164044.14,Noida,Uttar Pradesh
2027,2,578,9,14839739.04,13603015.57,Noida,Uttar Pradesh
2027,3,579,9,8000844.95,6289007.88,Noida,Uttar Pradesh
2027,4,580,9,21591699.2,18044763.64,Noida,Uttar Pradesh
2027,5,581,9,15315305.04,12167836.05,Noida,Uttar Pradesh
2027,6,582,9,21267685.53,18189045.83,Noida,Uttar Pradesh
2027,7,583,9,22623781.26,21307436.25,Noida,Uttar Pradesh
2027,8,584,9,15719813.39,12470439.77,Noida,Uttar Pradesh
2027,9,585,9,18106581.5,17700306.79,Noida,Uttar Pradesh
2027,10,586,9,20107730.89,16836988.32,Noida,Uttar Pradesh
2027,11,587,9,7326590.38,6741415.85,Noida,Uttar Pradesh
2027,12,588,9,16217793.24,13113940.61,Noida,Uttar Pradesh
2027,1,589,10,9973622.66,8993150.61,Kolkata,West Bengal
2027,2,590,10,7640136.72,6018973.34,Kolkata,West Bengal
2027,3,591,10,6694135.22,6233289.92,Kolkata,West Bengal
2027,4,592,10,8752809.78,7237925.37,Kolkata,West Bengal
2027,5,593,10,8863609.8,8089595.95,Kolkata,West Bengal
2027,6,594,10,8541027.77,6662167.75,Kolkata,West Bengal
2027,7,595,10,3918552.37,3158930.2,Kolkata,West Bengal
2027,8,596,10,6298952.42,5662493.16,Kolkata,West Bengal
2027,9,597,10,6173881.64,4872000.5,Kolkata,West Bengal
2027,10,598,10,9123380.8,7518474.15,Kolkata,West Bengal
2027,11,599,10,8225884.77,7741652.33,Kolkata,West Bengal
2027,12,600,10,7233774.11,6509315.05,Kolkata,West Bengal
2027,1,601,11,19516573.11,16641499.9,Hyderabad,Telangana
2027,2,602,11,12193469.3,10482537.62,Hyderabad,Telangana
2027,3,603,11,11235428.35,9510955.22,Hyderabad,Telangana
2027,4,604,11,18177806.91,13108196.29,Hyderabad,Telangana
2027,5,605,11,7585863.49,6881648.42,Hyderabad,Telangana
2027,6,606,11,9822044.47,8216793.65,Hyderabad,Telangana
2027,7,607,11,9636153.46,7652820.1,Hyderabad,Telangana
2027,8,608,11,9207050.45,7429435.13,Hyderabad,Telangana
2027,9,609,11,18271706.03,15853595.84,Hyderabad,Telangana
2027,10,610,11,9748433.63,7935682.9,Hyderabad,Telangana
2027,11,611,11,17724874.69,17418293.72,Hyderabad,Telangana
2027,12,612,11,10502857.96,7368214.82,Hyderabad,Telangana
2027,1,613,12,3068719.37,2672628.51,Ahmedabad,Gujarat
2027,2,614,12,4144223.79,3706346.54,Ahmedabad,Gujarat
2027,3,615,12,7312193.47,6217165.63,Ahmedabad,Gujarat
2027,4,616,12,7428674.95,6525783.5,Ahmedabad,Gujarat
2027,5,617,12,7805679.1,6179966.32,Ahmedabad,Gujarat
2027,6,618,12,6758672.64,4952842.27,Ahmedabad,Gujarat
2027,7,619,12,4807667.78,4267152.93,Ahmedabad,Gujarat
2027,8,620,12,6995056.3,5651828.56,Ahmedabad,Gujarat
2027,9,621,12,3391692.76,2888092.08,Ahmedabad,Gujarat
2027,10,622,12,3728993.98,3114723.67,Ahmedabad,Gujarat
2027,11,623,12,8569856.76,7204762.83,Ahmedabad,Gujarat
2027,12,624,12,2914922.9,2685541.22,Ahmedabad,Gujarat
2027,1,625,13,4258997.63,3851951.36,Surat,Gujarat
2027,2,626,13,12355022.45,9611871.65,Surat,Gujarat
2027,3,627,13,12001598.14,9372841.29,Surat,Gujarat
2027,4,628,13,12514922.99,11422656.73,Surat,Gujarat
2027,5,629,13,4798534.54,3863942.15,Surat,Gujarat
2027,6,630,13,10617870.54,8313206.34,Surat,Gujarat
2027,7,631,13,12151718.19,10926043.88,Surat,Gujarat
2027,8,632,13,8496813.03,8411844.9,Surat,Gujarat
2027,9,633,13,12347892.09,10431492.52,Surat,Gujarat
2027,10,634,13,9005336.01,6829212.42,Surat,Gujarat
2027,11,635,13,6550273.18,6484770.44,Surat,Gujarat
2027,12,636,13,8561469.87,7020783.65,Surat,Gujarat
2027,1,637,14,4882690.83,4542424.16,Jaipur,Rajasthan
2027,2,638,14,12883260.09,10661666.21,Jaipur,Rajasthan
2027,3,639,14,7008326.91,5652423.81,Jaipur,Rajasthan
2027,4,640,14,12393124.91,11330608.62,Jaipur,Rajasthan
2027,5,641,14,9598529.43,8887250.58,Jaipur,Rajasthan
2027,6,642,14,11377628.97,9473951.45,Jaipur,Rajasthan
2027,7,643,14,4517833.4,3654464.94,Jaipur,Rajasthan
2027,8,644,14,6299577.66,5449326.03,Jaipur,Rajasthan
2027,9,645,14,8123593.92,7021943.93,Jaipur,Rajasthan
2027,10,646,14,7743343.16,6425778.22,Jaipur,Rajasthan
2027,11,647,14,14787586.97,12573252.16,Jaipur,Rajasthan
2027,12,648,14,4505919.17,3666279.65,Jaipur,Rajasthan
2027,1,649,15,4034065.82,3172686.3,Kochi,Kerala
2027,2,650,15,5159046.32,4102697.75,Kochi,Kerala
2027,3,651,15,4571742.05,3467822.79,Kochi,Kerala
2027,4,652,15,5418964.9,3956271.86,Kochi,Kerala
2027,5,653,15,5145447.42,4430642.4,Kochi,Kerala
2027,6,654,15,5282050.05,5076556.31,Kochi,Kerala
2027,7,655,15,4433779.93,4182111.95,Kochi,Kerala
2027,8,656,15,3847103.79,3035954.27,Kochi,Kerala
2027,9,657,15,4204468.44,3634106.08,Kochi,Kerala
2027,10,658,15,5425231.6,5012734.36,Kochi,Kerala
2027,11,659,15,1876840.42,1640434.96,Kochi,Kerala
2027,12,660,15,2793162.48,2206635.57,Kochi,Kerala
2027,1,661,16,5435648.26,5297909.53,Indore,Madhya Pradesh
2027,2,662,16,3117942.11,2720150.05,Indore,Madhya Pradesh
2027,3,663,16,3920233.03,3500464.74,Indore,Madhya Pradesh
2027,4,664,16,2667695.1,2275582.77,Indore,Madhya Pradesh
2027,5,665,16,4333882.45,3579842.56,Indore,Madhya Pradesh
2027,6,666,16,2124682.17,2066393.19,Indore,Madhya Pradesh
2027,7,667,16,4017019.29,3146335.49,Indore,Madhya Pradesh
2027,8,668,16,4197179.37,3358977.24,Indore,Madhya Pradesh
2027,9,669,16,4553583.64,3710245.1,Indore,Madhya Pradesh
2027,10,670,16,2285787.89,1914599.34,Indore,Madhya Pradesh
2027,11,671,16,4917449.95,3539987.22,Indore,Madhya Pradesh
2027,12,672,16,5370808.77,4631596.76,Indore,Madhya Pradesh
2027,1,673,17,5293984.58,4576159.27,Ludhiana,Punjab
2027,2,674,17,2314962.69,1981338.05,Ludhiana,Punjab
2027,3,675,17,2790939.18,2365121.05,Ludhiana,Punjab
2027,4,676,17,3488833.26,2855995.18,Ludhiana,Punjab
2027,5,677,17,5493853.32,4616011.14,Ludhiana,Punjab
2027,6,678,17,5575698.78,4847123.75,Ludhiana,Punjab
2027,7,679,17,3245424.77,2859535.62,Ludhiana,Punjab
2027,8,680,17,3075432.63,2783755.81,Ludhiana,Punjab
2027,9,681,17,3620143.37,2688216.74,Ludhiana,Punjab
2027,10,682,17,1948253.15,1727988.44,Ludhiana,Punjab
2027,11,683,17,2594619.8,2082415.13,Ludhiana,Punjab
2027,12,684,17,4505892.16,4198741.98,Ludhiana,Punjab
2027,1,685,18,13731418.15,10986161.75,Gurugram,Haryana
2027,2,686,18,6681097.75,5181337.27,Gurugram,Haryana
2027,3,687,18,7770469.45,6190019.91,Gurugram,Haryana
2027,4,688,18,7669121.51,5915834.97,Gurugram,Haryana
2027,5,689,18,14300801.45,11657454.9,Gurugram,Haryana
2027,6,690,18,12232874.27,10175780.79,Gurugram,Haryana
2027,7,691,18,14789582.34,11618872.37,Gurugram,Haryana
2027,8,692,18,12094968.26,9818461.15,Gurugram,Haryana
2027,9,693,18,14197816.57,11522409.49,Gurugram,Haryana
2027,10,694,18,8789954.17,7400446.83,Gurugram,Haryana
2027,11,695,18,14946259.03,14431747.82,Gurugram,Haryana
2027,12,696,18,7407979.84,6076524.46,Gurugram,Haryana
2027,1,697,19,15086321.59,11715641.75,Patna,Bihar
2027,2,698,19,8773199.96,7461217.86,Patna,Bihar
2027,3,699,19,14247512.37,10394143.85,Patna,Bihar
2027,4,700,19,5394483.74,4742694.88,Patna,Bihar
2027,5,701,19,14262021.63,12269082.16,Patna,Bihar
2027,6,702,19,14928402.25,13313562.47,Patna,Bihar
2027,7,703,19,11677589.41,9735227.14,Patna,Bihar
2027,8,704,19,7663662.47,6284559.77,Patna,Bihar
2027,9,705,19,7187935.75,6159526.28,Patna,Bihar
2027,10,706,19,8342444.41,6252506.01,Patna,Bihar
2027,11,707,19,14664467.42,12148507.38,Patna,Bihar
2027,12,708,19,14887704.0,11668341.46,Patna,Bihar
2027,1,709,20,8137540.07,7310322.11,Guwahati,Assam
2027,2,710,20,11323659.38,8683485.18,Guwahati,Assam
2027,3,711,20,8394369.45,6895529.3,Guwahati,Assam
2027,4,712,20,14984565.48,13353214.14,Guwahati,Assam
2027,5,713,20,20624538.0,16740090.34,Guwahati,Assam
2027,6,714,20,13168648.23,12539249.36,Guwahati,Assam
2027,7,715,20,22337002.66,19238067.02,Guwahati,Assam
2027,8,716,20,12560332.06,10903570.36,Guwahati,Assam
2027,9,717,20,8682573.63,7989428.2,Guwahati,Assam
2027,10,718,20,15464849.28,13368308.51,Guwahati,Assam
2027,11,719,20,22242773.01,18785884.72,Guwahati,Assam
2027,12,720,20,17124516.41,16245647.92,Guwahati,Assam
